shape_id,shape_pt_lat,shape_pt_lon,shape_pt_sequence,shape_dist_traveled
ES:Euskotren:RoutePoints:1846:,43.264491,-2.926253,1,0.0
ES:Euskotren:RoutePoints:1846:,43.26464,-2.926501,2,26.0
ES:Euskotren:RoutePoints:1846:,43.264927,-2.926976,3,76.0
ES:Euskotren:RoutePoints:1846:,43.265244,-2.927398,4,125.132
ES:Euskotren:RoutePoints:1846:,43.265568,-2.927826,5,175.132
ES:Euskotren:RoutePoints:1846:,43.265895,-2.928254,6,225.446
ES:Euskotren:RoutePoints:1846:,43.266246,-2.92864,7,275.446
ES:Euskotren:RoutePoints:1846:,43.266316,-2.928717,8,285.446
ES:Euskotren:RoutePoints:1846:,43.266597,-2.929026,9,325.446
ES:Euskotren:RoutePoints:1846:,43.266948,-2.929412,10,375.446
ES:Euskotren:RoutePoints:1846:,43.267297,-2.929769,11,423.829
ES:Euskotren:RoutePoints:1846:,43.267619,-2.930118,12,469.425
ES:Euskotren:RoutePoints:1846:,43.26795,-2.930505,13,517.789
ES:Euskotren:RoutePoints:1846:,43.268173,-2.931031,14,567.124
ES:Euskotren:RoutePoints:1846:,43.268161,-2.931609,15,614.073
ES:Euskotren:RoutePoints:1846:,43.268111,-2.932218,16,663.79
ES:Euskotren:RoutePoints:1846:,43.268088,-2.932833,17,713.79
ES:Euskotren:RoutePoints:1846:,43.268068,-2.9334,18,759.79
ES:Euskotren:RoutePoints:1846:,43.268047,-2.933966,19,805.791
ES:Euskotren:RoutePoints:1846:,43.267944,-2.934547,20,854.313
ES:Euskotren:RoutePoints:1846:,43.267953,-2.935141,21,902.586
ES:Euskotren:RoutePoints:1846:,43.268213,-2.935604,22,949.933
ES:Euskotren:RoutePoints:1846:,43.268447,-2.936098,23,997.691
ES:Euskotren:RoutePoints:1846:,43.268657,-2.936612,24,1045.457
ES:Euskotren:RoutePoints:1846:,43.268713,-2.936758,25,1058.9
ES:Euskotren:RoutePoints:1846:,43.268823,-2.937162,26,1093.9
ES:Euskotren:RoutePoints:1846:,43.268932,-2.937763,27,1144.121
ES:Euskotren:RoutePoints:1846:,43.268987,-2.938369,28,1193.685
ES:Euskotren:RoutePoints:1846:,43.26898,-2.938991,29,1244.169
ES:Euskotren:RoutePoints:1846:,43.26889,-2.939585,30,1293.406
ES:Euskotren:RoutePoints:1846:,43.26876,-2.940149,31,1341.406
ES:Euskotren:RoutePoints:1846:,43.268596,-2.940711,32,1390.519
ES:Euskotren:RoutePoints:1846:,43.268592,-2.940722,33,1391.519
ES:Euskotren:RoutePoints:1846:,43.268375,-2.941262,34,1441.519
ES:Euskotren:RoutePoints:1846:,43.268083,-2.941734,35,1491.716
ES:Euskotren:RoutePoints:1846:,43.267742,-2.942136,36,1541.713
ES:Euskotren:RoutePoints:1846:,43.267373,-2.942481,37,1591.283
ES:Euskotren:RoutePoints:1846:,43.266982,-2.942784,38,1641.283
ES:Euskotren:RoutePoints:1846:,43.266604,-2.943103,39,1690.537
ES:Euskotren:RoutePoints:1846:,43.266338,-2.943595,40,1740.226
ES:Euskotren:RoutePoints:1846:,43.266272,-2.943903,41,1766.226
ES:Euskotren:RoutePoints:1846:,43.26621,-2.944186,42,1790.226
ES:Euskotren:RoutePoints:1846:,43.266067,-2.94474,43,1837.9
ES:Euskotren:RoutePoints:1846:,43.26575,-2.945171,44,1887.507
ES:Euskotren:RoutePoints:1846:,43.265394,-2.945543,45,1937.236
ES:Euskotren:RoutePoints:1846:,43.264952,-2.945554,46,1986.372
ES:Euskotren:RoutePoints:1846:,43.264515,-2.945686,47,2036.053
ES:Euskotren:RoutePoints:1846:,43.264102,-2.94586,48,2084.053
ES:Euskotren:RoutePoints:1846:,43.263671,-2.946041,49,2134.053
ES:Euskotren:RoutePoints:1846:,43.263241,-2.946221,50,2184.053
ES:Euskotren:RoutePoints:1846:,43.263198,-2.94624,51,2189.053
ES:Euskotren:RoutePoints:1846:,43.262811,-2.946402,52,2234.053
ES:Euskotren:RoutePoints:1846:,43.262381,-2.946582,53,2283.926
ES:Euskotren:RoutePoints:1846:,43.261949,-2.946756,54,2333.926
ES:Euskotren:RoutePoints:1846:,43.261517,-2.94693,55,2383.926
ES:Euskotren:RoutePoints:1846:,43.261092,-2.947128,56,2433.881
ES:Euskotren:RoutePoints:1846:,43.260932,-2.947644,57,2479.372
ES:Euskotren:RoutePoints:1846:,43.261222,-2.948118,58,2529.534
ES:Euskotren:RoutePoints:1846:,43.261522,-2.948578,59,2579.574
ES:Euskotren:RoutePoints:1846:,43.26175,-2.948928,60,2617.574
ES:Euskotren:RoutePoints:1846:,43.261822,-2.949038,61,2629.574
ES:Euskotren:RoutePoints:1846:,43.262109,-2.94948,62,2677.574
ES:Euskotren:RoutePoints:1846:,43.262352,-2.949914,63,2721.938
ES:Euskotren:RoutePoints:1846:,43.262093,-2.950315,64,2765.342
ES:Euskotren:RoutePoints:1846:,43.261679,-2.950486,65,2813.342
ES:Euskotren:RoutePoints:1846:,43.261265,-2.950657,66,2861.342
ES:Euskotren:RoutePoints:1846:,43.260869,-2.950821,67,2907.342
ES:Euskotren:RoutePoints:1846:,43.260455,-2.950991,68,2955.288
ES:Euskotren:RoutePoints:1846:,43.260309,-2.951051,69,2972.288
ES:Euskotren:RoutePoints:1846:,43.260033,-2.951164,70,3004.288
ES:Euskotren:RoutePoints:1846:,43.260024,-2.951167,71,3005.288
ES:Euskotren:RoutePoints:1846:,43.2598,-2.951259,72,3031.288
ES:Euskotren:RoutePoints:2462:,43.264491,-2.926253,1,0.0
ES:Euskotren:RoutePoints:2462:,43.26464,-2.926501,2,26.0
ES:Euskotren:RoutePoints:2462:,43.264927,-2.926976,3,76.0
ES:Euskotren:RoutePoints:2462:,43.265244,-2.927398,4,125.132
ES:Euskotren:RoutePoints:2462:,43.265568,-2.927826,5,175.132
ES:Euskotren:RoutePoints:2462:,43.265895,-2.928254,6,225.446
ES:Euskotren:RoutePoints:2462:,43.266246,-2.92864,7,275.446
ES:Euskotren:RoutePoints:2462:,43.266316,-2.928717,8,285.446
ES:Euskotren:RoutePoints:2462:,43.266597,-2.929026,9,325.446
ES:Euskotren:RoutePoints:2462:,43.266948,-2.929412,10,375.446
ES:Euskotren:RoutePoints:2462:,43.267297,-2.929769,11,423.829
ES:Euskotren:RoutePoints:2462:,43.267619,-2.930118,12,469.425
ES:Euskotren:RoutePoints:2462:,43.26795,-2.930505,13,517.789
ES:Euskotren:RoutePoints:2462:,43.268173,-2.931031,14,567.124
ES:Euskotren:RoutePoints:2462:,43.268161,-2.931609,15,614.073
ES:Euskotren:RoutePoints:2462:,43.268111,-2.932218,16,663.79
ES:Euskotren:RoutePoints:2462:,43.268088,-2.932833,17,713.79
ES:Euskotren:RoutePoints:2462:,43.268068,-2.9334,18,759.79
ES:Euskotren:RoutePoints:2462:,43.268047,-2.933966,19,805.791
ES:Euskotren:RoutePoints:2462:,43.267944,-2.934547,20,854.313
ES:Euskotren:RoutePoints:2462:,43.267953,-2.935141,21,902.586
ES:Euskotren:RoutePoints:2462:,43.268213,-2.935604,22,949.933
ES:Euskotren:RoutePoints:2462:,43.268447,-2.936098,23,997.691
ES:Euskotren:RoutePoints:2462:,43.268657,-2.936612,24,1045.457
ES:Euskotren:RoutePoints:2462:,43.268713,-2.936758,25,1058.9
ES:Euskotren:RoutePoints:2462:,43.268823,-2.937162,26,1093.9
ES:Euskotren:RoutePoints:2462:,43.268932,-2.937763,27,1144.121
ES:Euskotren:RoutePoints:2462:,43.268987,-2.938369,28,1193.685
ES:Euskotren:RoutePoints:2462:,43.26898,-2.938991,29,1244.169
ES:Euskotren:RoutePoints:2462:,43.26889,-2.939585,30,1293.406
ES:Euskotren:RoutePoints:2462:,43.26876,-2.940149,31,1341.406
ES:Euskotren:RoutePoints:2462:,43.268596,-2.940711,32,1390.519
ES:Euskotren:RoutePoints:2462:,43.268592,-2.940722,33,1391.519
ES:Euskotren:RoutePoints:2462:,43.268375,-2.941262,34,1441.519
ES:Euskotren:RoutePoints:2462:,43.268083,-2.941734,35,1491.716
ES:Euskotren:RoutePoints:2462:,43.267742,-2.942136,36,1541.713
ES:Euskotren:RoutePoints:2462:,43.267373,-2.942481,37,1591.283
ES:Euskotren:RoutePoints:2462:,43.266982,-2.942784,38,1641.283
ES:Euskotren:RoutePoints:2462:,43.266604,-2.943103,39,1690.537
ES:Euskotren:RoutePoints:2462:,43.266338,-2.943595,40,1740.226
ES:Euskotren:RoutePoints:2462:,43.266272,-2.943903,41,1766.226
ES:Euskotren:RoutePoints:517:,43.254113,-2.921513,1,0.0
ES:Euskotren:RoutePoints:517:,43.254259,-2.921339,2,21.534
ES:Euskotren:RoutePoints:517:,43.254624,-2.9217,3,71.583
ES:Euskotren:RoutePoints:517:,43.254989,-2.922061,4,121.583
ES:Euskotren:RoutePoints:517:,43.255305,-2.922479,5,170.367
ES:Euskotren:RoutePoints:517:,43.255431,-2.923056,6,219.279
ES:Euskotren:RoutePoints:517:,43.255543,-2.923653,7,269.278
ES:Euskotren:RoutePoints:517:,43.255736,-2.924211,8,319.423
ES:Euskotren:RoutePoints:517:,43.255795,-2.924369,9,333.783
ES:Euskotren:RoutePoints:517:,43.255947,-2.92476,10,369.783
ES:Euskotren:RoutePoints:517:,43.25623,-2.925224,11,418.808
ES:Euskotren:RoutePoints:517:,43.256581,-2.925609,12,468.808
ES:Euskotren:RoutePoints:517:,43.256944,-2.925969,13,518.574
ES:Euskotren:RoutePoints:517:,43.257335,-2.926285,14,568.946
ES:Euskotren:RoutePoints:517:,43.257748,-2.926497,15,617.973
ES:Euskotren:RoutePoints:517:,43.258182,-2.926699,16,668.875
ES:Euskotren:RoutePoints:517:,43.258612,-2.926662,17,716.761
ES:Euskotren:RoutePoints:517:,43.258936,-2.926251,18,765.816
ES:Euskotren:RoutePoints:517:,43.259035,-2.925926,19,794.381
ES:Euskotren:RoutePoints:517:,43.259104,-2.925685,20,815.381
ES:Euskotren:RoutePoints:517:,43.259214,-2.925141,21,861.231
ES:Euskotren:RoutePoints:517:,43.259292,-2.924569,22,908.427
ES:Euskotren:RoutePoints:517:,43.259563,-2.924174,23,952.489
ES:Euskotren:RoutePoints:517:,43.259882,-2.924491,24,996.298
ES:Euskotren:RoutePoints:517:,43.260114,-2.924931,25,1040.325
ES:Euskotren:RoutePoints:517:,43.260356,-2.925392,26,1086.393
ES:Euskotren:RoutePoints:517:,43.260616,-2.925858,27,1133.97
ES:Euskotren:RoutePoints:517:,43.260842,-2.926273,28,1175.97
ES:Euskotren:RoutePoints:517:,43.261052,-2.926658,29,1214.97
ES:Euskotren:RoutePoints:517:,43.26109,-2.926727,30,1221.97
ES:Euskotren:RoutePoints:517:,43.261418,-2.926968,31,1263.293
ES:Euskotren:RoutePoints:517:,43.26168,-2.926527,32,1309.439
ES:Euskotren:RoutePoints:517:,43.261961,-2.926045,33,1359.439
ES:Euskotren:RoutePoints:517:,43.262244,-2.92557,34,1409.23
ES:Euskotren:RoutePoints:517:,43.26253,-2.925094,35,1459.23
ES:Euskotren:RoutePoints:517:,43.262892,-2.925047,36,1499.66
ES:Euskotren:RoutePoints:517:,43.26334,-2.925104,37,1549.58
ES:Euskotren:RoutePoints:517:,43.263765,-2.925176,38,1597.167
ES:Euskotren:RoutePoints:517:,43.264076,-2.925581,39,1644.834
ES:Euskotren:RoutePoints:517:,43.264356,-2.926022,40,1692.276
ES:Euskotren:RoutePoints:517:,43.264491,-2.926253,41,1716.273
ES:Euskotren:RoutePoints:517:,43.26464,-2.926501,42,1742.273
ES:Euskotren:RoutePoints:517:,43.264927,-2.926976,43,1792.273
ES:Euskotren:RoutePoints:517:,43.265244,-2.927398,44,1841.404
ES:Euskotren:RoutePoints:517:,43.265568,-2.927826,45,1891.404
ES:Euskotren:RoutePoints:517:,43.265895,-2.928254,46,1941.719
ES:Euskotren:RoutePoints:517:,43.266246,-2.92864,47,1991.719
ES:Euskotren:RoutePoints:517:,43.266316,-2.928717,48,2001.719
ES:Euskotren:RoutePoints:517:,43.266597,-2.929026,49,2041.719
ES:Euskotren:RoutePoints:517:,43.266948,-2.929412,50,2091.719
ES:Euskotren:RoutePoints:517:,43.267297,-2.929769,51,2140.101
ES:Euskotren:RoutePoints:517:,43.267619,-2.930118,52,2185.698
ES:Euskotren:RoutePoints:517:,43.26795,-2.930505,53,2234.061
ES:Euskotren:RoutePoints:517:,43.268173,-2.931031,54,2283.396
ES:Euskotren:RoutePoints:517:,43.268161,-2.931609,55,2330.346
ES:Euskotren:RoutePoints:517:,43.268111,-2.932218,56,2380.063
ES:Euskotren:RoutePoints:517:,43.268088,-2.932833,57,2430.063
ES:Euskotren:RoutePoints:517:,43.268068,-2.9334,58,2476.063
ES:Euskotren:RoutePoints:517:,43.268047,-2.933966,59,2522.063
ES:Euskotren:RoutePoints:517:,43.267944,-2.934547,60,2570.585
ES:Euskotren:RoutePoints:517:,43.267953,-2.935141,61,2618.858
ES:Euskotren:RoutePoints:517:,43.268213,-2.935604,62,2666.206
ES:Euskotren:RoutePoints:517:,43.268447,-2.936098,63,2713.963
ES:Euskotren:RoutePoints:517:,43.268657,-2.936612,64,2761.73
ES:Euskotren:RoutePoints:517:,43.268713,-2.936758,65,2775.173
ES:Euskotren:RoutePoints:517:,43.268823,-2.937162,66,2810.173
ES:Euskotren:RoutePoints:517:,43.268932,-2.937763,67,2860.394
ES:Euskotren:RoutePoints:517:,43.268987,-2.938369,68,2909.958
ES:Euskotren:RoutePoints:517:,43.26898,-2.938991,69,2960.441
ES:Euskotren:RoutePoints:517:,43.26889,-2.939585,70,3009.678
ES:Euskotren:RoutePoints:517:,43.26876,-2.940149,71,3057.678
ES:Euskotren:RoutePoints:517:,43.268596,-2.940711,72,3106.792
ES:Euskotren:RoutePoints:517:,43.268592,-2.940722,73,3107.792
ES:Euskotren:RoutePoints:517:,43.268375,-2.941262,74,3157.792
ES:Euskotren:RoutePoints:517:,43.268083,-2.941734,75,3207.988
ES:Euskotren:RoutePoints:517:,43.267742,-2.942136,76,3257.985
ES:Euskotren:RoutePoints:517:,43.267373,-2.942481,77,3307.556
ES:Euskotren:RoutePoints:517:,43.266982,-2.942784,78,3357.556
ES:Euskotren:RoutePoints:517:,43.266604,-2.943103,79,3406.81
ES:Euskotren:RoutePoints:517:,43.266338,-2.943595,80,3456.498
ES:Euskotren:RoutePoints:517:,43.266272,-2.943903,81,3482.498
ES:Euskotren:RoutePoints:517:,43.26621,-2.944186,82,3506.498
ES:Euskotren:RoutePoints:517:,43.266067,-2.94474,83,3554.173
ES:Euskotren:RoutePoints:517:,43.26575,-2.945171,84,3603.779
ES:Euskotren:RoutePoints:517:,43.265394,-2.945543,85,3653.508
ES:Euskotren:RoutePoints:517:,43.264952,-2.945554,86,3702.645
ES:Euskotren:RoutePoints:517:,43.264515,-2.945686,87,3752.325
ES:Euskotren:RoutePoints:517:,43.264102,-2.94586,88,3800.325
ES:Euskotren:RoutePoints:517:,43.263671,-2.946041,89,3850.325
ES:Euskotren:RoutePoints:517:,43.263241,-2.946221,90,3900.325
ES:Euskotren:RoutePoints:517:,43.263198,-2.94624,91,3905.325
ES:Euskotren:RoutePoints:517:,43.262811,-2.946402,92,3950.325
ES:Euskotren:RoutePoints:517:,43.262381,-2.946582,93,4000.199
ES:Euskotren:RoutePoints:517:,43.261949,-2.946756,94,4050.199
ES:Euskotren:RoutePoints:517:,43.261517,-2.94693,95,4100.199
ES:Euskotren:RoutePoints:517:,43.261092,-2.947128,96,4150.153
ES:Euskotren:RoutePoints:517:,43.260932,-2.947644,97,4195.645
ES:Euskotren:RoutePoints:517:,43.261222,-2.948118,98,4245.807
ES:Euskotren:RoutePoints:517:,43.261522,-2.948578,99,4295.847
ES:Euskotren:RoutePoints:517:,43.26175,-2.948928,100,4333.847
ES:Euskotren:RoutePoints:517:,43.261822,-2.949038,101,4345.847
ES:Euskotren:RoutePoints:517:,43.262109,-2.94948,102,4393.846
ES:Euskotren:RoutePoints:517:,43.262352,-2.949914,103,4438.21
ES:Euskotren:RoutePoints:517:,43.262093,-2.950315,104,4481.614
ES:Euskotren:RoutePoints:517:,43.261679,-2.950486,105,4529.614
ES:Euskotren:RoutePoints:517:,43.261265,-2.950657,106,4577.614
ES:Euskotren:RoutePoints:517:,43.260869,-2.950821,107,4623.614
ES:Euskotren:RoutePoints:517:,43.260455,-2.950991,108,4671.56
ES:Euskotren:RoutePoints:517:,43.260309,-2.951051,109,4688.56
ES:Euskotren:RoutePoints:517:,43.260033,-2.951164,110,4720.56
ES:Euskotren:RoutePoints:517:,43.260024,-2.951167,111,4721.56
ES:Euskotren:RoutePoints:517:,43.2598,-2.951259,112,4747.56
ES:Euskotren:RoutePoints:517:,43.259595,-2.951339,113,4771.216
ES:Euskotren:RoutePoints:517:,43.259162,-2.951508,114,4821.216
ES:Euskotren:RoutePoints:517:,43.258823,-2.951274,115,4863.326
ES:Euskotren:RoutePoints:517:,43.258518,-2.950822,116,4913.326
ES:Euskotren:RoutePoints:517:,43.258227,-2.950383,117,4961.383
ES:Euskotren:RoutePoints:517:,43.25802,-2.949872,118,5008.81
ES:Euskotren:RoutePoints:517:,43.257991,-2.949257,119,5058.806
ES:Euskotren:RoutePoints:517:,43.257983,-2.949073,120,5073.806
ES:Euskotren:RoutePoints:517:,43.257962,-2.948637,121,5109.213
ES:Euskotren:RoutePoints:517:,43.257933,-2.948047,122,5157.213
ES:Euskotren:RoutePoints:517:,43.257909,-2.947434,123,5207.047
ES:Euskotren:RoutePoints:517:,43.257878,-2.946824,124,5256.722
ES:Euskotren:RoutePoints:517:,43.257846,-2.946205,125,5307.077
ES:Euskotren:RoutePoints:517:,43.257816,-2.945593,126,5356.871
ES:Euskotren:RoutePoints:517:,43.257811,-2.945506,127,5363.977
ES:Euskotren:RoutePoints:517:,43.257801,-2.945004,128,5404.673
ES:Euskotren:RoutePoints:517:,43.257767,-2.944349,129,5457.977
ES:Euskotren:RoutePoints:518:,43.257767,-2.944349,1,0.0
ES:Euskotren:RoutePoints:518:,43.257834,-2.945615,2,103.0
ES:Euskotren:RoutePoints:518:,43.257867,-2.946221,3,152.312
ES:Euskotren:RoutePoints:518:,43.257904,-2.946835,4,202.312
ES:Euskotren:RoutePoints:518:,43.257932,-2.947447,5,252.112
ES:Euskotren:RoutePoints:518:,43.257959,-2.948062,6,302.112
ES:Euskotren:RoutePoints:518:,43.257986,-2.948652,7,350.112
ES:Euskotren:RoutePoints:518:,43.258004,-2.94907,8,384.112
ES:Euskotren:RoutePoints:518:,43.257983,-2.949073,9,386.496
ES:Euskotren:RoutePoints:518:,43.257991,-2.949257,10,401.496
ES:Euskotren:RoutePoints:518:,43.25802,-2.949872,11,451.492
ES:Euskotren:RoutePoints:518:,43.258227,-2.950383,12,498.919
ES:Euskotren:RoutePoints:518:,43.258518,-2.950822,13,546.977
ES:Euskotren:RoutePoints:518:,43.258823,-2.951274,14,596.977
ES:Euskotren:RoutePoints:518:,43.259162,-2.951508,15,639.086
ES:Euskotren:RoutePoints:518:,43.259595,-2.951339,16,689.086
ES:Euskotren:RoutePoints:518:,43.2598,-2.951259,17,712.742
ES:Euskotren:RoutePoints:518:,43.260024,-2.951167,18,738.742
ES:Euskotren:RoutePoints:518:,43.260033,-2.951164,19,739.742
ES:Euskotren:RoutePoints:518:,43.260309,-2.951051,20,771.742
ES:Euskotren:RoutePoints:518:,43.260455,-2.950991,21,788.742
ES:Euskotren:RoutePoints:518:,43.260869,-2.950821,22,836.688
ES:Euskotren:RoutePoints:518:,43.261265,-2.950657,23,882.688
ES:Euskotren:RoutePoints:518:,43.261679,-2.950486,24,930.688
ES:Euskotren:RoutePoints:518:,43.262093,-2.950315,25,978.688
ES:Euskotren:RoutePoints:518:,43.262352,-2.949914,26,1022.092
ES:Euskotren:RoutePoints:518:,43.262109,-2.94948,27,1066.456
ES:Euskotren:RoutePoints:518:,43.261822,-2.949038,28,1114.456
ES:Euskotren:RoutePoints:518:,43.26175,-2.948928,29,1126.456
ES:Euskotren:RoutePoints:518:,43.261522,-2.948578,30,1164.456
ES:Euskotren:RoutePoints:518:,43.261222,-2.948118,31,1214.496
ES:Euskotren:RoutePoints:518:,43.260932,-2.947644,32,1264.657
ES:Euskotren:RoutePoints:518:,43.261092,-2.947128,33,1310.149
ES:Euskotren:RoutePoints:518:,43.261517,-2.94693,34,1360.103
ES:Euskotren:RoutePoints:518:,43.261949,-2.946756,35,1410.103
ES:Euskotren:RoutePoints:518:,43.262381,-2.946582,36,1460.103
ES:Euskotren:RoutePoints:518:,43.262811,-2.946402,37,1509.977
ES:Euskotren:RoutePoints:518:,43.263198,-2.94624,38,1554.977
ES:Euskotren:RoutePoints:518:,43.263241,-2.946221,39,1559.977
ES:Euskotren:RoutePoints:518:,43.263671,-2.946041,40,1609.977
ES:Euskotren:RoutePoints:518:,43.264102,-2.94586,41,1659.977
ES:Euskotren:RoutePoints:518:,43.264515,-2.945686,42,1707.977
ES:Euskotren:RoutePoints:518:,43.264952,-2.945554,43,1757.657
ES:Euskotren:RoutePoints:518:,43.265394,-2.945543,44,1806.794
ES:Euskotren:RoutePoints:518:,43.26575,-2.945171,45,1856.523
ES:Euskotren:RoutePoints:518:,43.266067,-2.94474,46,1906.129
ES:Euskotren:RoutePoints:518:,43.26621,-2.944186,47,1953.804
ES:Euskotren:RoutePoints:518:,43.266272,-2.943903,48,1977.804
ES:Euskotren:RoutePoints:518:,43.266338,-2.943595,49,2003.804
ES:Euskotren:RoutePoints:518:,43.266604,-2.943103,50,2053.492
ES:Euskotren:RoutePoints:518:,43.266982,-2.942784,51,2102.746
ES:Euskotren:RoutePoints:518:,43.267373,-2.942481,52,2152.747
ES:Euskotren:RoutePoints:518:,43.267742,-2.942136,53,2202.317
ES:Euskotren:RoutePoints:518:,43.268083,-2.941734,54,2252.314
ES:Euskotren:RoutePoints:518:,43.268375,-2.941262,55,2302.51
ES:Euskotren:RoutePoints:518:,43.268592,-2.940722,56,2352.51
ES:Euskotren:RoutePoints:518:,43.268596,-2.940711,57,2353.51
ES:Euskotren:RoutePoints:518:,43.26876,-2.940149,58,2402.624
ES:Euskotren:RoutePoints:518:,43.26889,-2.939585,59,2450.624
ES:Euskotren:RoutePoints:518:,43.26898,-2.938991,60,2499.861
ES:Euskotren:RoutePoints:518:,43.268987,-2.938369,61,2550.345
ES:Euskotren:RoutePoints:518:,43.268932,-2.937763,62,2599.908
ES:Euskotren:RoutePoints:518:,43.268823,-2.937162,63,2650.129
ES:Euskotren:RoutePoints:518:,43.268713,-2.936758,64,2685.129
ES:Euskotren:RoutePoints:518:,43.268657,-2.936612,65,2698.572
ES:Euskotren:RoutePoints:518:,43.268447,-2.936098,66,2746.339
ES:Euskotren:RoutePoints:518:,43.268213,-2.935604,67,2794.096
ES:Euskotren:RoutePoints:518:,43.267953,-2.935141,68,2841.444
ES:Euskotren:RoutePoints:518:,43.267944,-2.934547,69,2889.717
ES:Euskotren:RoutePoints:518:,43.268047,-2.933966,70,2938.239
ES:Euskotren:RoutePoints:518:,43.268068,-2.9334,71,2984.239
ES:Euskotren:RoutePoints:518:,43.268088,-2.932833,72,3030.239
ES:Euskotren:RoutePoints:518:,43.268111,-2.932218,73,3080.239
ES:Euskotren:RoutePoints:518:,43.268161,-2.931609,74,3129.957
ES:Euskotren:RoutePoints:518:,43.268173,-2.931031,75,3176.906
ES:Euskotren:RoutePoints:518:,43.26795,-2.930505,76,3226.241
ES:Euskotren:RoutePoints:518:,43.267619,-2.930118,77,3274.604
ES:Euskotren:RoutePoints:518:,43.267297,-2.929769,78,3320.201
ES:Euskotren:RoutePoints:518:,43.266948,-2.929412,79,3368.583
ES:Euskotren:RoutePoints:518:,43.266597,-2.929026,80,3418.583
ES:Euskotren:RoutePoints:518:,43.266316,-2.928717,81,3458.583
ES:Euskotren:RoutePoints:518:,43.266246,-2.92864,82,3468.583
ES:Euskotren:RoutePoints:518:,43.265895,-2.928254,83,3518.583
ES:Euskotren:RoutePoints:518:,43.265568,-2.927826,84,3568.898
ES:Euskotren:RoutePoints:518:,43.265244,-2.927398,85,3618.898
ES:Euskotren:RoutePoints:518:,43.264927,-2.926976,86,3668.03
ES:Euskotren:RoutePoints:518:,43.26464,-2.926501,87,3718.03
ES:Euskotren:RoutePoints:518:,43.264491,-2.926253,88,3744.03
ES:Euskotren:RoutePoints:518:,43.264356,-2.926022,89,3768.026
ES:Euskotren:RoutePoints:518:,43.264076,-2.925581,90,3815.468
ES:Euskotren:RoutePoints:518:,43.263765,-2.925176,91,3863.135
ES:Euskotren:RoutePoints:518:,43.26334,-2.925104,92,3910.722
ES:Euskotren:RoutePoints:518:,43.262892,-2.925047,93,3960.642
ES:Euskotren:RoutePoints:518:,43.26253,-2.925094,94,4001.072
ES:Euskotren:RoutePoints:518:,43.262244,-2.92557,95,4051.073
ES:Euskotren:RoutePoints:518:,43.261961,-2.926045,96,4100.863
ES:Euskotren:RoutePoints:518:,43.26168,-2.926527,97,4150.863
ES:Euskotren:RoutePoints:518:,43.261418,-2.926968,98,4197.009
ES:Euskotren:RoutePoints:518:,43.26109,-2.926727,99,4238.332
ES:Euskotren:RoutePoints:518:,43.261052,-2.926658,100,4245.332
ES:Euskotren:RoutePoints:518:,43.260842,-2.926273,101,4284.332
ES:Euskotren:RoutePoints:518:,43.260616,-2.925858,102,4326.332
ES:Euskotren:RoutePoints:518:,43.260356,-2.925392,103,4373.909
ES:Euskotren:RoutePoints:518:,43.260114,-2.924931,104,4419.977
ES:Euskotren:RoutePoints:518:,43.259882,-2.924491,105,4464.004
ES:Euskotren:RoutePoints:518:,43.259563,-2.924174,106,4507.813
ES:Euskotren:RoutePoints:518:,43.259292,-2.924569,107,4551.876
ES:Euskotren:RoutePoints:518:,43.259214,-2.925141,108,4599.071
ES:Euskotren:RoutePoints:518:,43.259104,-2.925685,109,4644.921
ES:Euskotren:RoutePoints:518:,43.259035,-2.925926,110,4665.921
ES:Euskotren:RoutePoints:518:,43.258936,-2.926251,111,4694.486
ES:Euskotren:RoutePoints:518:,43.258612,-2.926662,112,4743.541
ES:Euskotren:RoutePoints:518:,43.258182,-2.926699,113,4791.427
ES:Euskotren:RoutePoints:518:,43.257748,-2.926497,114,4842.329
ES:Euskotren:RoutePoints:518:,43.257335,-2.926285,115,4891.357
ES:Euskotren:RoutePoints:518:,43.256944,-2.925969,116,4941.728
ES:Euskotren:RoutePoints:518:,43.256581,-2.925609,117,4991.494
ES:Euskotren:RoutePoints:518:,43.25623,-2.925224,118,5041.494
ES:Euskotren:RoutePoints:518:,43.255947,-2.92476,119,5090.519
ES:Euskotren:RoutePoints:518:,43.255795,-2.924369,120,5126.519
ES:Euskotren:RoutePoints:518:,43.255736,-2.924211,121,5140.879
ES:Euskotren:RoutePoints:518:,43.255543,-2.923653,122,5191.024
ES:Euskotren:RoutePoints:518:,43.255431,-2.923056,123,5241.023
ES:Euskotren:RoutePoints:518:,43.255305,-2.922479,124,5289.935
ES:Euskotren:RoutePoints:518:,43.254989,-2.922061,125,5338.719
ES:Euskotren:RoutePoints:518:,43.254624,-2.9217,126,5388.719
ES:Euskotren:RoutePoints:518:,43.254259,-2.921339,127,5438.768
ES:Euskotren:RoutePoints:518:,43.254113,-2.921513,128,5460.302
ES:Euskotren:RoutePoints:5970:,43.247273,-2.904938,1,0.0
ES:Euskotren:RoutePoints:5970:,43.247234,-2.905554,2,50.193
ES:Euskotren:RoutePoints:5970:,43.247245,-2.906167,3,99.994
ES:Euskotren:RoutePoints:5970:,43.247235,-2.906787,4,150.269
ES:Euskotren:RoutePoints:5970:,43.247219,-2.907393,5,199.567
ES:Euskotren:RoutePoints:5970:,43.247179,-2.908005,6,249.438
ES:Euskotren:RoutePoints:5970:,43.247006,-2.908574,7,299.416
ES:Euskotren:RoutePoints:5970:,43.24681,-2.90913,8,349.587
ES:Euskotren:RoutePoints:5970:,43.246615,-2.909685,9,399.579
ES:Euskotren:RoutePoints:5970:,43.246519,-2.910282,10,449.14
ES:Euskotren:RoutePoints:5970:,43.246435,-2.910888,11,499.293
ES:Euskotren:RoutePoints:5970:,43.246393,-2.911493,12,548.562
ES:Euskotren:RoutePoints:5970:,43.246351,-2.912112,13,599.102
ES:Euskotren:RoutePoints:5970:,43.246309,-2.912728,14,649.272
ES:Euskotren:RoutePoints:5970:,43.24627,-2.913337,15,698.936
ES:Euskotren:RoutePoints:5970:,43.246228,-2.913951,16,748.967
ES:Euskotren:RoutePoints:5970:,43.246153,-2.914564,17,799.422
ES:Euskotren:RoutePoints:5970:,43.245941,-2.915098,18,848.733
ES:Euskotren:RoutePoints:5970:,43.245675,-2.915586,19,898.207
ES:Euskotren:RoutePoints:5970:,43.245543,-2.915807,20,921.339
ES:Euskotren:RoutePoints:5970:,43.245389,-2.916063,21,948.288
ES:Euskotren:RoutePoints:5970:,43.245121,-2.916567,22,998.85
ES:Euskotren:RoutePoints:5970:,43.244873,-2.917078,23,1048.662
ES:Euskotren:RoutePoints:5970:,43.244775,-2.917648,24,1096.125
ES:Euskotren:RoutePoints:5970:,43.244961,-2.918196,25,1145.19
ES:Euskotren:RoutePoints:5970:,43.245222,-2.91869,26,1194.636
ES:Euskotren:RoutePoints:5970:,43.245548,-2.919093,27,1243.457
ES:Euskotren:RoutePoints:5970:,43.245955,-2.919367,28,1293.775
ES:Euskotren:RoutePoints:5970:,43.246365,-2.919615,29,1343.565
ES:Euskotren:RoutePoints:5970:,43.246797,-2.919763,30,1393.117
ES:Euskotren:RoutePoints:5970:,43.247221,-2.919944,31,1442.427
ES:Euskotren:RoutePoints:5970:,43.24761,-2.920178,32,1489.571
ES:Euskotren:RoutePoints:5970:,43.248036,-2.920372,33,1539.503
ES:Euskotren:RoutePoints:5970:,43.248476,-2.920486,34,1589.231
ES:Euskotren:RoutePoints:5970:,43.248919,-2.920591,35,1639.107
ES:Euskotren:RoutePoints:5970:,43.249367,-2.920693,36,1689.569
ES:Euskotren:RoutePoints:5970:,43.249809,-2.920801,37,1739.417
ES:Euskotren:RoutePoints:5970:,43.25025,-2.920912,38,1789.208
ES:Euskotren:RoutePoints:5970:,43.250678,-2.921092,39,1838.929
ES:Euskotren:RoutePoints:5970:,43.251073,-2.921395,40,1889.261
ES:Euskotren:RoutePoints:5970:,43.251456,-2.921716,41,1939.141
ES:Euskotren:RoutePoints:5970:,43.251844,-2.921993,42,1987.688
ES:Euskotren:RoutePoints:5970:,43.252275,-2.921915,43,2036.037
ES:Euskotren:RoutePoints:5970:,43.252718,-2.921772,44,2086.504
ES:Euskotren:RoutePoints:5970:,43.253094,-2.921694,45,2128.728
ES:Euskotren:RoutePoints:5970:,43.253129,-2.921731,46,2133.728
ES:Euskotren:RoutePoints:5970:,43.253158,-2.921761,47,2137.728
ES:Euskotren:RoutePoints:5970:,43.253172,-2.921776,48,2139.728
ES:Euskotren:RoutePoints:5970:,43.253224,-2.921624,49,2153.358
ES:Euskotren:RoutePoints:5970:,43.253242,-2.921618,50,2155.355
ES:Euskotren:RoutePoints:5970:,43.253256,-2.921614,51,2156.98
ES:Euskotren:RoutePoints:5970:,43.253265,-2.921611,52,2157.977
ES:Euskotren:RoutePoints:5970:,43.253273,-2.921608,53,2158.974
ES:Euskotren:RoutePoints:5970:,43.253292,-2.921603,54,2161.029
ES:Euskotren:RoutePoints:5970:,43.253251,-2.921836,55,2180.493
ES:Euskotren:RoutePoints:5970:,43.253275,-2.921833,56,2183.204
ES:Euskotren:RoutePoints:5970:,43.253284,-2.921833,57,2184.204
ES:Euskotren:RoutePoints:5970:,43.253353,-2.921584,58,2205.837
ES:Euskotren:RoutePoints:5970:,43.253312,-2.921829,59,2226.313
ES:Euskotren:RoutePoints:5970:,43.253371,-2.921578,60,2247.735
ES:Euskotren:RoutePoints:5970:,43.253379,-2.921575,61,2248.735
ES:Euskotren:RoutePoints:5970:,43.253388,-2.921573,62,2249.735
ES:Euskotren:RoutePoints:5970:,43.253397,-2.92157,63,2250.735
ES:Euskotren:RoutePoints:5970:,43.253414,-2.921565,64,2252.652
ES:Euskotren:RoutePoints:5970:,43.253422,-2.921562,65,2253.65
ES:Euskotren:RoutePoints:5970:,43.253387,-2.921835,66,2276.197
ES:Euskotren:RoutePoints:5970:,43.253394,-2.921836,67,2276.967
ES:Euskotren:RoutePoints:5970:,43.253458,-2.921551,68,2301.234
ES:Euskotren:RoutePoints:5970:,43.253467,-2.921548,69,2302.224
ES:Euskotren:RoutePoints:5970:,43.253439,-2.921842,70,2326.288
ES:Euskotren:RoutePoints:5970:,43.253493,-2.92154,71,2351.525
ES:Euskotren:RoutePoints:5970:,43.253511,-2.921534,72,2353.577
ES:Euskotren:RoutePoints:5970:,43.25352,-2.921532,73,2354.577
ES:Euskotren:RoutePoints:5970:,43.253529,-2.921529,74,2355.577
ES:Euskotren:RoutePoints:5970:,43.253537,-2.921526,75,2356.577
ES:Euskotren:RoutePoints:5970:,43.253546,-2.921523,76,2357.557
ES:Euskotren:RoutePoints:5970:,43.253554,-2.921521,77,2358.518
ES:Euskotren:RoutePoints:5970:,43.253563,-2.921518,78,2359.48
ES:Euskotren:RoutePoints:5970:,43.253571,-2.921515,79,2360.441
ES:Euskotren:RoutePoints:5970:,43.253578,-2.921514,80,2361.153
ES:Euskotren:RoutePoints:5970:,43.253586,-2.921511,81,2362.086
ES:Euskotren:RoutePoints:5970:,43.253594,-2.921508,82,2363.02
ES:Euskotren:RoutePoints:5970:,43.253557,-2.921857,83,2391.603
ES:Euskotren:RoutePoints:5970:,43.253578,-2.92186,84,2393.842
ES:Euskotren:RoutePoints:5970:,43.253639,-2.921494,85,2424.281
ES:Euskotren:RoutePoints:5970:,43.253648,-2.921492,86,2425.274
ES:Euskotren:RoutePoints:5970:,43.253657,-2.921489,87,2426.264
ES:Euskotren:RoutePoints:5970:,43.253617,-2.921865,88,2457.082
ES:Euskotren:RoutePoints:5970:,43.253981,-2.921783,89,2498.02
ES:Euskotren:RoutePoints:5970:,43.254113,-2.921513,90,2524.367
ES:Euskotren:RoutePoints:5970:,43.254259,-2.921339,91,2545.902
ES:Euskotren:RoutePoints:5970:,43.254624,-2.9217,92,2595.95
ES:Euskotren:RoutePoints:5970:,43.254989,-2.922061,93,2645.95
ES:Euskotren:RoutePoints:5970:,43.255305,-2.922479,94,2694.734
ES:Euskotren:RoutePoints:5970:,43.255431,-2.923056,95,2743.646
ES:Euskotren:RoutePoints:5970:,43.255543,-2.923653,96,2793.645
ES:Euskotren:RoutePoints:5970:,43.255736,-2.924211,97,2843.79
ES:Euskotren:RoutePoints:5970:,43.255795,-2.924369,98,2858.15
ES:Euskotren:RoutePoints:5970:,43.255947,-2.92476,99,2894.15
ES:Euskotren:RoutePoints:5970:,43.25623,-2.925224,100,2943.175
ES:Euskotren:RoutePoints:5970:,43.256581,-2.925609,101,2993.175
ES:Euskotren:RoutePoints:5970:,43.256944,-2.925969,102,3042.942
ES:Euskotren:RoutePoints:5970:,43.257335,-2.926285,103,3093.313
ES:Euskotren:RoutePoints:5970:,43.257748,-2.926497,104,3142.34
ES:Euskotren:RoutePoints:5970:,43.258182,-2.926699,105,3193.242
ES:Euskotren:RoutePoints:5970:,43.258612,-2.926662,106,3241.128
ES:Euskotren:RoutePoints:5970:,43.258936,-2.926251,107,3290.184
ES:Euskotren:RoutePoints:5970:,43.259035,-2.925926,108,3318.748
ES:Euskotren:RoutePoints:5970:,43.259104,-2.925685,109,3339.748
ES:Euskotren:RoutePoints:5970:,43.259214,-2.925141,110,3385.598
ES:Euskotren:RoutePoints:5970:,43.259292,-2.924569,111,3432.794
ES:Euskotren:RoutePoints:5970:,43.259563,-2.924174,112,3476.856
ES:Euskotren:RoutePoints:5970:,43.259882,-2.924491,113,3520.665
ES:Euskotren:RoutePoints:5970:,43.260114,-2.924931,114,3564.692
ES:Euskotren:RoutePoints:5970:,43.260356,-2.925392,115,3610.76
ES:Euskotren:RoutePoints:5970:,43.260616,-2.925858,116,3658.337
ES:Euskotren:RoutePoints:5970:,43.260842,-2.926273,117,3700.337
ES:Euskotren:RoutePoints:5970:,43.261052,-2.926658,118,3739.337
ES:Euskotren:RoutePoints:5970:,43.26109,-2.926727,119,3746.337
ES:Euskotren:RoutePoints:5970:,43.261418,-2.926968,120,3787.661
ES:Euskotren:RoutePoints:5970:,43.26168,-2.926527,121,3833.806
ES:Euskotren:RoutePoints:5970:,43.261961,-2.926045,122,3883.806
ES:Euskotren:RoutePoints:5970:,43.262244,-2.92557,123,3933.597
ES:Euskotren:RoutePoints:5970:,43.26253,-2.925094,124,3983.597
ES:Euskotren:RoutePoints:5970:,43.262892,-2.925047,125,4024.027
ES:Euskotren:RoutePoints:5970:,43.26334,-2.925104,126,4073.947
ES:Euskotren:RoutePoints:5970:,43.263765,-2.925176,127,4121.534
ES:Euskotren:RoutePoints:5970:,43.264076,-2.925581,128,4169.201
ES:Euskotren:RoutePoints:5970:,43.264356,-2.926022,129,4216.643
ES:Euskotren:RoutePoints:5970:,43.264491,-2.926253,130,4240.64
ES:Euskotren:RoutePoints:5970:,43.26464,-2.926501,131,4266.64
ES:Euskotren:RoutePoints:5970:,43.264927,-2.926976,132,4316.64
ES:Euskotren:RoutePoints:5970:,43.265244,-2.927398,133,4365.771
ES:Euskotren:RoutePoints:5970:,43.265568,-2.927826,134,4415.771
ES:Euskotren:RoutePoints:5970:,43.265895,-2.928254,135,4466.086
ES:Euskotren:RoutePoints:5970:,43.266246,-2.92864,136,4516.086
ES:Euskotren:RoutePoints:5970:,43.266316,-2.928717,137,4526.086
ES:Euskotren:RoutePoints:5970:,43.266597,-2.929026,138,4566.086
ES:Euskotren:RoutePoints:5970:,43.266948,-2.929412,139,4616.086
ES:Euskotren:RoutePoints:5970:,43.267297,-2.929769,140,4664.468
ES:Euskotren:RoutePoints:5970:,43.267619,-2.930118,141,4710.065
ES:Euskotren:RoutePoints:5970:,43.26795,-2.930505,142,4758.428
ES:Euskotren:RoutePoints:5970:,43.268173,-2.931031,143,4807.763
ES:Euskotren:RoutePoints:5970:,43.268161,-2.931609,144,4854.713
ES:Euskotren:RoutePoints:5970:,43.268111,-2.932218,145,4904.43
ES:Euskotren:RoutePoints:5970:,43.268088,-2.932833,146,4954.43
ES:Euskotren:RoutePoints:5970:,43.268068,-2.9334,147,5000.43
ES:Euskotren:RoutePoints:5970:,43.268047,-2.933966,148,5046.43
ES:Euskotren:RoutePoints:5970:,43.267944,-2.934547,149,5094.952
ES:Euskotren:RoutePoints:5970:,43.267953,-2.935141,150,5143.225
ES:Euskotren:RoutePoints:5970:,43.268213,-2.935604,151,5190.573
ES:Euskotren:RoutePoints:5970:,43.268447,-2.936098,152,5238.33
ES:Euskotren:RoutePoints:5970:,43.268657,-2.936612,153,5286.097
ES:Euskotren:RoutePoints:5970:,43.268713,-2.936758,154,5299.54
ES:Euskotren:RoutePoints:5970:,43.268823,-2.937162,155,5334.54
ES:Euskotren:RoutePoints:5970:,43.268932,-2.937763,156,5384.761
ES:Euskotren:RoutePoints:5970:,43.268987,-2.938369,157,5434.325
ES:Euskotren:RoutePoints:5970:,43.26898,-2.938991,158,5484.808
ES:Euskotren:RoutePoints:5970:,43.26889,-2.939585,159,5534.046
ES:Euskotren:RoutePoints:5970:,43.26876,-2.940149,160,5582.046
ES:Euskotren:RoutePoints:5970:,43.268596,-2.940711,161,5631.159
ES:Euskotren:RoutePoints:5970:,43.268592,-2.940722,162,5632.159
ES:Euskotren:RoutePoints:5970:,43.268375,-2.941262,163,5682.159
ES:Euskotren:RoutePoints:5970:,43.268083,-2.941734,164,5732.356
ES:Euskotren:RoutePoints:5970:,43.267742,-2.942136,165,5782.353
ES:Euskotren:RoutePoints:5970:,43.267373,-2.942481,166,5831.923
ES:Euskotren:RoutePoints:5970:,43.266982,-2.942784,167,5881.923
ES:Euskotren:RoutePoints:5970:,43.266604,-2.943103,168,5931.177
ES:Euskotren:RoutePoints:5970:,43.266338,-2.943595,169,5980.865
ES:Euskotren:RoutePoints:5970:,43.266272,-2.943903,170,6006.865
ES:Euskotren:RoutePoints:5971:,43.247273,-2.904938,1,0.0
ES:Euskotren:RoutePoints:5971:,43.247234,-2.905554,2,50.193
ES:Euskotren:RoutePoints:5971:,43.247245,-2.906167,3,99.994
ES:Euskotren:RoutePoints:5971:,43.247235,-2.906787,4,150.269
ES:Euskotren:RoutePoints:5971:,43.247219,-2.907393,5,199.567
ES:Euskotren:RoutePoints:5971:,43.247179,-2.908005,6,249.438
ES:Euskotren:RoutePoints:5971:,43.247006,-2.908574,7,299.416
ES:Euskotren:RoutePoints:5971:,43.24681,-2.90913,8,349.587
ES:Euskotren:RoutePoints:5971:,43.246615,-2.909685,9,399.579
ES:Euskotren:RoutePoints:5971:,43.246519,-2.910282,10,449.14
ES:Euskotren:RoutePoints:5971:,43.246435,-2.910888,11,499.293
ES:Euskotren:RoutePoints:5971:,43.246393,-2.911493,12,548.562
ES:Euskotren:RoutePoints:5971:,43.246351,-2.912112,13,599.102
ES:Euskotren:RoutePoints:5971:,43.246309,-2.912728,14,649.272
ES:Euskotren:RoutePoints:5971:,43.24627,-2.913337,15,698.936
ES:Euskotren:RoutePoints:5971:,43.246228,-2.913951,16,748.967
ES:Euskotren:RoutePoints:5971:,43.246153,-2.914564,17,799.422
ES:Euskotren:RoutePoints:5971:,43.245941,-2.915098,18,848.733
ES:Euskotren:RoutePoints:5971:,43.245675,-2.915586,19,898.207
ES:Euskotren:RoutePoints:5971:,43.245543,-2.915807,20,921.339
ES:Euskotren:RoutePoints:5971:,43.245389,-2.916063,21,948.288
ES:Euskotren:RoutePoints:5971:,43.245121,-2.916567,22,998.85
ES:Euskotren:RoutePoints:5971:,43.244873,-2.917078,23,1048.662
ES:Euskotren:RoutePoints:5971:,43.244775,-2.917648,24,1096.125
ES:Euskotren:RoutePoints:5971:,43.244961,-2.918196,25,1145.19
ES:Euskotren:RoutePoints:5971:,43.245222,-2.91869,26,1194.636
ES:Euskotren:RoutePoints:5971:,43.245548,-2.919093,27,1243.457
ES:Euskotren:RoutePoints:5971:,43.245955,-2.919367,28,1293.775
ES:Euskotren:RoutePoints:5971:,43.246365,-2.919615,29,1343.565
ES:Euskotren:RoutePoints:5971:,43.246797,-2.919763,30,1393.117
ES:Euskotren:RoutePoints:5971:,43.247221,-2.919944,31,1442.427
ES:Euskotren:RoutePoints:5971:,43.24761,-2.920178,32,1489.571
ES:Euskotren:RoutePoints:5971:,43.248036,-2.920372,33,1539.503
ES:Euskotren:RoutePoints:5971:,43.248476,-2.920486,34,1589.231
ES:Euskotren:RoutePoints:5971:,43.248919,-2.920591,35,1639.107
ES:Euskotren:RoutePoints:5971:,43.249367,-2.920693,36,1689.569
ES:Euskotren:RoutePoints:5971:,43.249809,-2.920801,37,1739.417
ES:Euskotren:RoutePoints:5971:,43.25025,-2.920912,38,1789.208
ES:Euskotren:RoutePoints:5971:,43.250678,-2.921092,39,1838.929
ES:Euskotren:RoutePoints:5971:,43.251073,-2.921395,40,1889.261
ES:Euskotren:RoutePoints:5971:,43.251456,-2.921716,41,1939.141
ES:Euskotren:RoutePoints:5971:,43.251844,-2.921993,42,1987.688
ES:Euskotren:RoutePoints:5971:,43.252275,-2.921915,43,2036.037
ES:Euskotren:RoutePoints:5971:,43.252718,-2.921772,44,2086.504
ES:Euskotren:RoutePoints:5971:,43.253094,-2.921694,45,2128.728
ES:Euskotren:RoutePoints:5971:,43.253129,-2.921731,46,2133.728
ES:Euskotren:RoutePoints:5971:,43.253158,-2.921761,47,2137.728
ES:Euskotren:RoutePoints:5971:,43.253172,-2.921776,48,2139.728
ES:Euskotren:RoutePoints:5971:,43.253224,-2.921624,49,2153.358
ES:Euskotren:RoutePoints:5971:,43.253242,-2.921618,50,2155.355
ES:Euskotren:RoutePoints:5971:,43.253256,-2.921614,51,2156.98
ES:Euskotren:RoutePoints:5971:,43.253265,-2.921611,52,2157.977
ES:Euskotren:RoutePoints:5971:,43.253273,-2.921608,53,2158.974
ES:Euskotren:RoutePoints:5971:,43.253292,-2.921603,54,2161.029
ES:Euskotren:RoutePoints:5971:,43.253251,-2.921836,55,2180.493
ES:Euskotren:RoutePoints:5971:,43.253275,-2.921833,56,2183.204
ES:Euskotren:RoutePoints:5971:,43.253284,-2.921833,57,2184.204
ES:Euskotren:RoutePoints:5971:,43.253353,-2.921584,58,2205.837
ES:Euskotren:RoutePoints:5971:,43.253312,-2.921829,59,2226.313
ES:Euskotren:RoutePoints:5971:,43.253371,-2.921578,60,2247.735
ES:Euskotren:RoutePoints:5971:,43.253379,-2.921575,61,2248.735
ES:Euskotren:RoutePoints:5971:,43.253388,-2.921573,62,2249.735
ES:Euskotren:RoutePoints:5971:,43.253397,-2.92157,63,2250.735
ES:Euskotren:RoutePoints:5971:,43.253414,-2.921565,64,2252.652
ES:Euskotren:RoutePoints:5971:,43.253422,-2.921562,65,2253.65
ES:Euskotren:RoutePoints:5971:,43.253387,-2.921835,66,2276.197
ES:Euskotren:RoutePoints:5971:,43.253394,-2.921836,67,2276.967
ES:Euskotren:RoutePoints:5971:,43.253458,-2.921551,68,2301.234
ES:Euskotren:RoutePoints:5971:,43.253467,-2.921548,69,2302.224
ES:Euskotren:RoutePoints:5971:,43.253439,-2.921842,70,2326.288
ES:Euskotren:RoutePoints:5971:,43.253493,-2.92154,71,2351.525
ES:Euskotren:RoutePoints:5971:,43.253511,-2.921534,72,2353.577
ES:Euskotren:RoutePoints:5971:,43.25352,-2.921532,73,2354.577
ES:Euskotren:RoutePoints:5971:,43.253529,-2.921529,74,2355.577
ES:Euskotren:RoutePoints:5971:,43.253537,-2.921526,75,2356.577
ES:Euskotren:RoutePoints:5971:,43.253546,-2.921523,76,2357.557
ES:Euskotren:RoutePoints:5971:,43.253554,-2.921521,77,2358.518
ES:Euskotren:RoutePoints:5971:,43.253563,-2.921518,78,2359.48
ES:Euskotren:RoutePoints:5971:,43.253571,-2.921515,79,2360.441
ES:Euskotren:RoutePoints:5971:,43.253578,-2.921514,80,2361.153
ES:Euskotren:RoutePoints:5971:,43.253586,-2.921511,81,2362.086
ES:Euskotren:RoutePoints:5971:,43.253594,-2.921508,82,2363.02
ES:Euskotren:RoutePoints:5971:,43.253557,-2.921857,83,2391.603
ES:Euskotren:RoutePoints:5971:,43.253578,-2.92186,84,2393.842
ES:Euskotren:RoutePoints:5971:,43.253639,-2.921494,85,2424.281
ES:Euskotren:RoutePoints:5971:,43.253648,-2.921492,86,2425.274
ES:Euskotren:RoutePoints:5971:,43.253657,-2.921489,87,2426.264
ES:Euskotren:RoutePoints:5971:,43.253617,-2.921865,88,2457.082
ES:Euskotren:RoutePoints:5971:,43.253981,-2.921783,89,2498.02
ES:Euskotren:RoutePoints:5971:,43.254113,-2.921513,90,2524.367
ES:Euskotren:RoutePoints:5971:,43.254259,-2.921339,91,2545.902
ES:Euskotren:RoutePoints:5971:,43.254624,-2.9217,92,2595.95
ES:Euskotren:RoutePoints:5971:,43.254989,-2.922061,93,2645.95
ES:Euskotren:RoutePoints:5971:,43.255305,-2.922479,94,2694.734
ES:Euskotren:RoutePoints:5971:,43.255431,-2.923056,95,2743.646
ES:Euskotren:RoutePoints:5971:,43.255543,-2.923653,96,2793.645
ES:Euskotren:RoutePoints:5971:,43.255736,-2.924211,97,2843.79
ES:Euskotren:RoutePoints:5971:,43.255795,-2.924369,98,2858.15
ES:Euskotren:RoutePoints:5971:,43.255947,-2.92476,99,2894.15
ES:Euskotren:RoutePoints:5971:,43.25623,-2.925224,100,2943.175
ES:Euskotren:RoutePoints:5971:,43.256581,-2.925609,101,2993.175
ES:Euskotren:RoutePoints:5971:,43.256944,-2.925969,102,3042.942
ES:Euskotren:RoutePoints:5971:,43.257335,-2.926285,103,3093.313
ES:Euskotren:RoutePoints:5971:,43.257748,-2.926497,104,3142.34
ES:Euskotren:RoutePoints:5971:,43.258182,-2.926699,105,3193.242
ES:Euskotren:RoutePoints:5971:,43.258612,-2.926662,106,3241.128
ES:Euskotren:RoutePoints:5971:,43.258936,-2.926251,107,3290.184
ES:Euskotren:RoutePoints:5971:,43.259035,-2.925926,108,3318.748
ES:Euskotren:RoutePoints:5971:,43.259104,-2.925685,109,3339.748
ES:Euskotren:RoutePoints:5971:,43.259214,-2.925141,110,3385.598
ES:Euskotren:RoutePoints:5971:,43.259292,-2.924569,111,3432.794
ES:Euskotren:RoutePoints:5971:,43.259563,-2.924174,112,3476.856
ES:Euskotren:RoutePoints:5971:,43.259882,-2.924491,113,3520.665
ES:Euskotren:RoutePoints:5971:,43.260114,-2.924931,114,3564.692
ES:Euskotren:RoutePoints:5971:,43.260356,-2.925392,115,3610.76
ES:Euskotren:RoutePoints:5971:,43.260616,-2.925858,116,3658.337
ES:Euskotren:RoutePoints:5971:,43.260842,-2.926273,117,3700.337
ES:Euskotren:RoutePoints:5971:,43.261052,-2.926658,118,3739.337
ES:Euskotren:RoutePoints:5971:,43.26109,-2.926727,119,3746.337
ES:Euskotren:RoutePoints:5971:,43.261418,-2.926968,120,3787.661
ES:Euskotren:RoutePoints:5971:,43.26168,-2.926527,121,3833.806
ES:Euskotren:RoutePoints:5971:,43.261961,-2.926045,122,3883.806
ES:Euskotren:RoutePoints:5971:,43.262244,-2.92557,123,3933.597
ES:Euskotren:RoutePoints:5971:,43.26253,-2.925094,124,3983.597
ES:Euskotren:RoutePoints:5971:,43.262892,-2.925047,125,4024.027
ES:Euskotren:RoutePoints:5971:,43.26334,-2.925104,126,4073.947
ES:Euskotren:RoutePoints:5971:,43.263765,-2.925176,127,4121.534
ES:Euskotren:RoutePoints:5971:,43.264076,-2.925581,128,4169.201
ES:Euskotren:RoutePoints:5971:,43.264356,-2.926022,129,4216.643
ES:Euskotren:RoutePoints:5971:,43.264491,-2.926253,130,4240.64
ES:Euskotren:RoutePoints:5971:,43.26464,-2.926501,131,4266.64
ES:Euskotren:RoutePoints:5971:,43.264927,-2.926976,132,4316.64
ES:Euskotren:RoutePoints:5971:,43.265244,-2.927398,133,4365.771
ES:Euskotren:RoutePoints:5971:,43.265568,-2.927826,134,4415.771
ES:Euskotren:RoutePoints:5971:,43.265895,-2.928254,135,4466.086
ES:Euskotren:RoutePoints:5971:,43.266246,-2.92864,136,4516.086
ES:Euskotren:RoutePoints:5971:,43.266316,-2.928717,137,4526.086
ES:Euskotren:RoutePoints:5971:,43.266597,-2.929026,138,4566.086
ES:Euskotren:RoutePoints:5971:,43.266948,-2.929412,139,4616.086
ES:Euskotren:RoutePoints:5971:,43.267297,-2.929769,140,4664.468
ES:Euskotren:RoutePoints:5971:,43.267619,-2.930118,141,4710.065
ES:Euskotren:RoutePoints:5971:,43.26795,-2.930505,142,4758.428
ES:Euskotren:RoutePoints:5971:,43.268173,-2.931031,143,4807.763
ES:Euskotren:RoutePoints:5971:,43.268161,-2.931609,144,4854.713
ES:Euskotren:RoutePoints:5971:,43.268111,-2.932218,145,4904.43
ES:Euskotren:RoutePoints:5971:,43.268088,-2.932833,146,4954.43
ES:Euskotren:RoutePoints:5971:,43.268068,-2.9334,147,5000.43
ES:Euskotren:RoutePoints:5971:,43.268047,-2.933966,148,5046.43
ES:Euskotren:RoutePoints:5971:,43.267944,-2.934547,149,5094.952
ES:Euskotren:RoutePoints:5971:,43.267953,-2.935141,150,5143.225
ES:Euskotren:RoutePoints:5971:,43.268213,-2.935604,151,5190.573
ES:Euskotren:RoutePoints:5971:,43.268447,-2.936098,152,5238.33
ES:Euskotren:RoutePoints:5971:,43.268657,-2.936612,153,5286.097
ES:Euskotren:RoutePoints:5971:,43.268713,-2.936758,154,5299.54
ES:Euskotren:RoutePoints:5971:,43.268823,-2.937162,155,5334.54
ES:Euskotren:RoutePoints:5971:,43.268932,-2.937763,156,5384.761
ES:Euskotren:RoutePoints:5971:,43.268987,-2.938369,157,5434.325
ES:Euskotren:RoutePoints:5971:,43.26898,-2.938991,158,5484.808
ES:Euskotren:RoutePoints:5971:,43.26889,-2.939585,159,5534.046
ES:Euskotren:RoutePoints:5971:,43.26876,-2.940149,160,5582.046
ES:Euskotren:RoutePoints:5971:,43.268596,-2.940711,161,5631.159
ES:Euskotren:RoutePoints:5971:,43.268592,-2.940722,162,5632.159
ES:Euskotren:RoutePoints:5971:,43.268375,-2.941262,163,5682.159
ES:Euskotren:RoutePoints:5971:,43.268083,-2.941734,164,5732.356
ES:Euskotren:RoutePoints:5971:,43.267742,-2.942136,165,5782.353
ES:Euskotren:RoutePoints:5971:,43.267373,-2.942481,166,5831.923
ES:Euskotren:RoutePoints:5971:,43.266982,-2.942784,167,5881.923
ES:Euskotren:RoutePoints:5971:,43.266604,-2.943103,168,5931.177
ES:Euskotren:RoutePoints:5971:,43.266338,-2.943595,169,5980.865
ES:Euskotren:RoutePoints:5971:,43.266272,-2.943903,170,6006.865
ES:Euskotren:RoutePoints:5971:,43.26621,-2.944186,171,6030.865
ES:Euskotren:RoutePoints:5971:,43.266067,-2.94474,172,6078.54
ES:Euskotren:RoutePoints:5971:,43.26575,-2.945171,173,6128.147
ES:Euskotren:RoutePoints:5971:,43.265394,-2.945543,174,6177.875
ES:Euskotren:RoutePoints:5971:,43.264952,-2.945554,175,6227.012
ES:Euskotren:RoutePoints:5971:,43.264515,-2.945686,176,6276.692
ES:Euskotren:RoutePoints:5971:,43.264102,-2.94586,177,6324.692
ES:Euskotren:RoutePoints:5971:,43.263671,-2.946041,178,6374.692
ES:Euskotren:RoutePoints:5971:,43.263241,-2.946221,179,6424.692
ES:Euskotren:RoutePoints:5971:,43.263198,-2.94624,180,6429.692
ES:Euskotren:RoutePoints:5971:,43.262811,-2.946402,181,6474.692
ES:Euskotren:RoutePoints:5971:,43.262381,-2.946582,182,6524.566
ES:Euskotren:RoutePoints:5971:,43.261949,-2.946756,183,6574.566
ES:Euskotren:RoutePoints:5971:,43.261517,-2.94693,184,6624.566
ES:Euskotren:RoutePoints:5971:,43.261092,-2.947128,185,6674.52
ES:Euskotren:RoutePoints:5971:,43.260932,-2.947644,186,6720.012
ES:Euskotren:RoutePoints:5971:,43.261222,-2.948118,187,6770.174
ES:Euskotren:RoutePoints:5971:,43.261522,-2.948578,188,6820.214
ES:Euskotren:RoutePoints:5971:,43.26175,-2.948928,189,6858.214
ES:Euskotren:RoutePoints:5971:,43.261822,-2.949038,190,6870.214
ES:Euskotren:RoutePoints:5971:,43.262109,-2.94948,191,6918.214
ES:Euskotren:RoutePoints:5971:,43.262352,-2.949914,192,6962.577
ES:Euskotren:RoutePoints:5971:,43.262093,-2.950315,193,7005.981
ES:Euskotren:RoutePoints:5971:,43.261679,-2.950486,194,7053.981
ES:Euskotren:RoutePoints:5971:,43.261265,-2.950657,195,7101.981
ES:Euskotren:RoutePoints:5971:,43.260869,-2.950821,196,7147.981
ES:Euskotren:RoutePoints:5971:,43.260455,-2.950991,197,7195.927
ES:Euskotren:RoutePoints:5971:,43.260309,-2.951051,198,7212.927
ES:Euskotren:RoutePoints:5971:,43.260033,-2.951164,199,7244.927
ES:Euskotren:RoutePoints:5971:,43.260024,-2.951167,200,7245.927
ES:Euskotren:RoutePoints:5971:,43.2598,-2.951259,201,7271.927
ES:Euskotren:RoutePoints:5971:,43.259595,-2.951339,202,7295.583
ES:Euskotren:RoutePoints:5971:,43.259162,-2.951508,203,7345.583
ES:Euskotren:RoutePoints:5971:,43.258823,-2.951274,204,7387.693
ES:Euskotren:RoutePoints:5971:,43.258518,-2.950822,205,7437.693
ES:Euskotren:RoutePoints:5971:,43.258227,-2.950383,206,7485.751
ES:Euskotren:RoutePoints:5971:,43.25802,-2.949872,207,7533.177
ES:Euskotren:RoutePoints:5971:,43.257991,-2.949257,208,7583.173
ES:Euskotren:RoutePoints:5971:,43.257983,-2.949073,209,7598.173
ES:Euskotren:RoutePoints:5971:,43.257962,-2.948637,210,7633.58
ES:Euskotren:RoutePoints:5971:,43.257933,-2.948047,211,7681.58
ES:Euskotren:RoutePoints:5971:,43.257909,-2.947434,212,7731.414
ES:Euskotren:RoutePoints:5971:,43.257878,-2.946824,213,7781.089
ES:Euskotren:RoutePoints:5971:,43.257846,-2.946205,214,7831.444
ES:Euskotren:RoutePoints:5971:,43.257816,-2.945593,215,7881.238
ES:Euskotren:RoutePoints:5971:,43.257811,-2.945506,216,7888.344
ES:Euskotren:RoutePoints:5971:,43.257801,-2.945004,217,7929.04
ES:Euskotren:RoutePoints:5971:,43.257767,-2.944349,218,7982.344
ES:Euskotren:RoutePoints:5974:,43.26625,-2.943886,1,0.0
ES:Euskotren:RoutePoints:5974:,43.266319,-2.943579,2,26.052
ES:Euskotren:RoutePoints:5974:,43.26658,-2.943087,3,75.434
ES:Euskotren:RoutePoints:5974:,43.266952,-2.942765,4,124.286
ES:Euskotren:RoutePoints:5974:,43.267345,-2.942466,5,174.286
ES:Euskotren:RoutePoints:5974:,43.267719,-2.942122,6,224.309
ES:Euskotren:RoutePoints:5974:,43.268059,-2.941716,7,274.471
ES:Euskotren:RoutePoints:5974:,43.268352,-2.941241,8,324.91
ES:Euskotren:RoutePoints:5974:,43.268569,-2.940701,9,374.911
ES:Euskotren:RoutePoints:5974:,43.268573,-2.94069,10,375.91
ES:Euskotren:RoutePoints:5974:,43.268736,-2.940132,11,424.638
ES:Euskotren:RoutePoints:5974:,43.268864,-2.939581,12,471.62
ES:Euskotren:RoutePoints:5974:,43.268958,-2.938991,13,520.554
ES:Euskotren:RoutePoints:5974:,43.268963,-2.93838,14,570.163
ES:Euskotren:RoutePoints:5974:,43.268909,-2.937767,15,620.273
ES:Euskotren:RoutePoints:5974:,43.268802,-2.937173,16,669.913
ES:Euskotren:RoutePoints:5974:,43.268688,-2.936767,17,705.22
ES:Euskotren:RoutePoints:5974:,43.268632,-2.936626,18,718.22
ES:Euskotren:RoutePoints:5974:,43.268409,-2.936093,19,768.125
ES:Euskotren:RoutePoints:5974:,43.268153,-2.935579,20,818.565
ES:Euskotren:RoutePoints:5974:,43.267915,-2.935094,21,865.965
ES:Euskotren:RoutePoints:5974:,43.267933,-2.934499,22,914.335
ES:Euskotren:RoutePoints:5974:,43.268028,-2.933928,23,961.813
ES:Euskotren:RoutePoints:5974:,43.268048,-2.933394,24,1005.225
ES:Euskotren:RoutePoints:5974:,43.268069,-2.932803,25,1053.225
ES:Euskotren:RoutePoints:5974:,43.26809,-2.932212,26,1101.225
ES:Euskotren:RoutePoints:5974:,43.268137,-2.931604,27,1150.811
ES:Euskotren:RoutePoints:5974:,43.268146,-2.931031,28,1197.392
ES:Euskotren:RoutePoints:5974:,43.267923,-2.930511,29,1246.264
ES:Euskotren:RoutePoints:5974:,43.267577,-2.930132,30,1295.541
ES:Euskotren:RoutePoints:5974:,43.267255,-2.929795,31,1340.541
ES:Euskotren:RoutePoints:5974:,43.266912,-2.929435,32,1388.541
ES:Euskotren:RoutePoints:5974:,43.266564,-2.929052,33,1438.157
ES:Euskotren:RoutePoints:5974:,43.26629,-2.92875,34,1477.157
ES:Euskotren:RoutePoints:5974:,43.266227,-2.92868,35,1486.157
ES:Euskotren:RoutePoints:5974:,43.265877,-2.928293,36,1536.157
ES:Euskotren:RoutePoints:5974:,43.265568,-2.927826,37,1587.34
ES:Euskotren:RoutePoints:5974:,43.265222,-2.927423,38,1637.767
ES:Euskotren:RoutePoints:5974:,43.264908,-2.926998,39,1686.767
ES:Euskotren:RoutePoints:5974:,43.264622,-2.92652,40,1736.985
ES:Euskotren:RoutePoints:5974:,43.264475,-2.92627,41,1762.985
ES:Euskotren:RoutePoints:5974:,43.26434,-2.926039,42,1786.985
ES:Euskotren:RoutePoints:5974:,43.263765,-2.925176,43,1881.742
ES:Euskotren:RoutePoints:5974:,43.26334,-2.925104,44,1929.329
ES:Euskotren:RoutePoints:5974:,43.262892,-2.925047,45,1979.249
ES:Euskotren:RoutePoints:5974:,43.26253,-2.925094,46,2019.68
ES:Euskotren:RoutePoints:5974:,43.262244,-2.92557,47,2069.68
ES:Euskotren:RoutePoints:5974:,43.261961,-2.926045,48,2119.47
ES:Euskotren:RoutePoints:5974:,43.26168,-2.926527,49,2169.47
ES:Euskotren:RoutePoints:5974:,43.261418,-2.926968,50,2215.616
ES:Euskotren:RoutePoints:5974:,43.26109,-2.926727,51,2256.939
ES:Euskotren:RoutePoints:5974:,43.261052,-2.926658,52,2263.939
ES:Euskotren:RoutePoints:5974:,43.260842,-2.926273,53,2302.939
ES:Euskotren:RoutePoints:5974:,43.260616,-2.925858,54,2344.939
ES:Euskotren:RoutePoints:5974:,43.260356,-2.925392,55,2392.517
ES:Euskotren:RoutePoints:5974:,43.260114,-2.924931,56,2438.585
ES:Euskotren:RoutePoints:5974:,43.259882,-2.924491,57,2482.612
ES:Euskotren:RoutePoints:5974:,43.259563,-2.924174,58,2526.42
ES:Euskotren:RoutePoints:5974:,43.259292,-2.924569,59,2570.483
ES:Euskotren:RoutePoints:5974:,43.259214,-2.925141,60,2617.678
ES:Euskotren:RoutePoints:5974:,43.259104,-2.925685,61,2663.529
ES:Euskotren:RoutePoints:5974:,43.259035,-2.925926,62,2684.529
ES:Euskotren:RoutePoints:5974:,43.259105,-2.92595,63,2692.494
ES:Euskotren:RoutePoints:5974:,43.258971,-2.926281,64,2723.202
ES:Euskotren:RoutePoints:5974:,43.258612,-2.926662,65,2773.666
ES:Euskotren:RoutePoints:5974:,43.258182,-2.926699,66,2821.552
ES:Euskotren:RoutePoints:5974:,43.257748,-2.926497,67,2872.453
ES:Euskotren:RoutePoints:5974:,43.257335,-2.926285,68,2921.481
ES:Euskotren:RoutePoints:5974:,43.256944,-2.925969,69,2971.852
ES:Euskotren:RoutePoints:5974:,43.256581,-2.925609,70,3021.619
ES:Euskotren:RoutePoints:5974:,43.25623,-2.925224,71,3071.619
ES:Euskotren:RoutePoints:5974:,43.255947,-2.92476,72,3120.644
ES:Euskotren:RoutePoints:5974:,43.255795,-2.924369,73,3156.644
ES:Euskotren:RoutePoints:5974:,43.255736,-2.924211,74,3171.003
ES:Euskotren:RoutePoints:5974:,43.255543,-2.923653,75,3221.149
ES:Euskotren:RoutePoints:5974:,43.255431,-2.923056,76,3271.147
ES:Euskotren:RoutePoints:5974:,43.255305,-2.922479,77,3320.06
ES:Euskotren:RoutePoints:5974:,43.254989,-2.922061,78,3368.843
ES:Euskotren:RoutePoints:5974:,43.254624,-2.9217,79,3418.843
ES:Euskotren:RoutePoints:5974:,43.254259,-2.921339,80,3468.892
ES:Euskotren:RoutePoints:5974:,43.254113,-2.921513,81,3490.426
ES:Euskotren:RoutePoints:5974:,43.253981,-2.921783,82,3516.773
ES:Euskotren:RoutePoints:5974:,43.253617,-2.921865,83,3557.712
ES:Euskotren:RoutePoints:5974:,43.253657,-2.921489,84,3588.53
ES:Euskotren:RoutePoints:5974:,43.253648,-2.921492,85,3589.52
ES:Euskotren:RoutePoints:5974:,43.253639,-2.921494,86,3590.512
ES:Euskotren:RoutePoints:5974:,43.253578,-2.92186,87,3620.952
ES:Euskotren:RoutePoints:5974:,43.253557,-2.921857,88,3623.19
ES:Euskotren:RoutePoints:5974:,43.253594,-2.921508,89,3651.774
ES:Euskotren:RoutePoints:5974:,43.253586,-2.921511,90,3652.707
ES:Euskotren:RoutePoints:5974:,43.253578,-2.921514,91,3653.641
ES:Euskotren:RoutePoints:5974:,43.253571,-2.921515,92,3654.352
ES:Euskotren:RoutePoints:5974:,43.253563,-2.921518,93,3655.314
ES:Euskotren:RoutePoints:5974:,43.253554,-2.921521,94,3656.275
ES:Euskotren:RoutePoints:5974:,43.253546,-2.921523,95,3657.237
ES:Euskotren:RoutePoints:5974:,43.253537,-2.921526,96,3658.217
ES:Euskotren:RoutePoints:5974:,43.253529,-2.921529,97,3659.217
ES:Euskotren:RoutePoints:5974:,43.25352,-2.921532,98,3660.217
ES:Euskotren:RoutePoints:5974:,43.253511,-2.921534,99,3661.217
ES:Euskotren:RoutePoints:5974:,43.253493,-2.92154,100,3663.268
ES:Euskotren:RoutePoints:5974:,43.253439,-2.921842,101,3688.506
ES:Euskotren:RoutePoints:5974:,43.253467,-2.921548,102,3712.57
ES:Euskotren:RoutePoints:5974:,43.253458,-2.921551,103,3713.56
ES:Euskotren:RoutePoints:5974:,43.253394,-2.921836,104,3737.827
ES:Euskotren:RoutePoints:5974:,43.253387,-2.921835,105,3738.597
ES:Euskotren:RoutePoints:5974:,43.253422,-2.921562,106,3761.144
ES:Euskotren:RoutePoints:5974:,43.253414,-2.921565,107,3762.142
ES:Euskotren:RoutePoints:5974:,43.253397,-2.92157,108,3764.059
ES:Euskotren:RoutePoints:5974:,43.253388,-2.921573,109,3765.059
ES:Euskotren:RoutePoints:5974:,43.253379,-2.921575,110,3766.059
ES:Euskotren:RoutePoints:5974:,43.253371,-2.921578,111,3767.058
ES:Euskotren:RoutePoints:5974:,43.253312,-2.921829,112,3788.481
ES:Euskotren:RoutePoints:5974:,43.253353,-2.921584,113,3808.957
ES:Euskotren:RoutePoints:5974:,43.253284,-2.921833,114,3830.59
ES:Euskotren:RoutePoints:5974:,43.253275,-2.921833,115,3831.59
ES:Euskotren:RoutePoints:5974:,43.253251,-2.921836,116,3834.3
ES:Euskotren:RoutePoints:5974:,43.253292,-2.921603,117,3853.765
ES:Euskotren:RoutePoints:5974:,43.253273,-2.921608,118,3855.819
ES:Euskotren:RoutePoints:5974:,43.253265,-2.921611,119,3856.817
ES:Euskotren:RoutePoints:5974:,43.253256,-2.921614,120,3857.813
ES:Euskotren:RoutePoints:5974:,43.253242,-2.921618,121,3859.438
ES:Euskotren:RoutePoints:5974:,43.253224,-2.921624,122,3861.435
ES:Euskotren:RoutePoints:5974:,43.253172,-2.921776,123,3875.066
ES:Euskotren:RoutePoints:5974:,43.253158,-2.921761,124,3877.066
ES:Euskotren:RoutePoints:5974:,43.253129,-2.921731,125,3881.066
ES:Euskotren:RoutePoints:5974:,43.253094,-2.921694,126,3886.066
ES:Euskotren:RoutePoints:5974:,43.252718,-2.921772,127,3928.29
ES:Euskotren:RoutePoints:5974:,43.252275,-2.921915,128,3978.756
ES:Euskotren:RoutePoints:5974:,43.251844,-2.921993,129,4027.106
ES:Euskotren:RoutePoints:5974:,43.251456,-2.921716,130,4075.653
ES:Euskotren:RoutePoints:5974:,43.251073,-2.921395,131,4125.533
ES:Euskotren:RoutePoints:5974:,43.250678,-2.921092,132,4175.864
ES:Euskotren:RoutePoints:5974:,43.25025,-2.920912,133,4225.585
ES:Euskotren:RoutePoints:5974:,43.249809,-2.920801,134,4275.376
ES:Euskotren:RoutePoints:5974:,43.249367,-2.920693,135,4325.224
ES:Euskotren:RoutePoints:5974:,43.248919,-2.920591,136,4375.687
ES:Euskotren:RoutePoints:5974:,43.248476,-2.920486,137,4425.563
ES:Euskotren:RoutePoints:5974:,43.248036,-2.920372,138,4475.29
ES:Euskotren:RoutePoints:5974:,43.24761,-2.920178,139,4525.222
ES:Euskotren:RoutePoints:5974:,43.247221,-2.919944,140,4572.366
ES:Euskotren:RoutePoints:5974:,43.246797,-2.919763,141,4621.677
ES:Euskotren:RoutePoints:5974:,43.246365,-2.919615,142,4671.229
ES:Euskotren:RoutePoints:5974:,43.245955,-2.919367,143,4721.019
ES:Euskotren:RoutePoints:5974:,43.245548,-2.919093,144,4771.336
ES:Euskotren:RoutePoints:5974:,43.245222,-2.91869,145,4820.158
ES:Euskotren:RoutePoints:5974:,43.244961,-2.918196,146,4869.604
ES:Euskotren:RoutePoints:5974:,43.244775,-2.917648,147,4918.669
ES:Euskotren:RoutePoints:5974:,43.244873,-2.917078,148,4966.132
ES:Euskotren:RoutePoints:5974:,43.245121,-2.916567,149,5015.944
ES:Euskotren:RoutePoints:5974:,43.245389,-2.916063,150,5066.506
ES:Euskotren:RoutePoints:5974:,43.245543,-2.915807,151,5093.454
ES:Euskotren:RoutePoints:5974:,43.245463,-2.915759,152,5103.164
ES:Euskotren:RoutePoints:5974:,43.245596,-2.915542,153,5126.141
ES:Euskotren:RoutePoints:5974:,43.245874,-2.915083,154,5174.565
ES:Euskotren:RoutePoints:5974:,43.246086,-2.91454,155,5224.527
ES:Euskotren:RoutePoints:5974:,43.246149,-2.913916,156,5275.67
ES:Euskotren:RoutePoints:5974:,43.246194,-2.913306,157,5325.397
ES:Euskotren:RoutePoints:5974:,43.246238,-2.912708,158,5374.184
ES:Euskotren:RoutePoints:5974:,43.246285,-2.912095,159,5424.225
ES:Euskotren:RoutePoints:5974:,43.246331,-2.911479,160,5474.54
ES:Euskotren:RoutePoints:5974:,43.246379,-2.910849,161,5525.97
ES:Euskotren:RoutePoints:5974:,43.246442,-2.910223,162,5577.211
ES:Euskotren:RoutePoints:5974:,43.24655,-2.90963,163,5626.877
ES:Euskotren:RoutePoints:5974:,43.246751,-2.909087,164,5676.299
ES:Euskotren:RoutePoints:5974:,43.246951,-2.908545,165,5725.548
ES:Euskotren:RoutePoints:5974:,43.247119,-2.908004,166,5773.249
ES:Euskotren:RoutePoints:5974:,43.247168,-2.907398,167,5822.773
ES:Euskotren:RoutePoints:5974:,43.247186,-2.906772,168,5873.619
ES:Euskotren:RoutePoints:5974:,43.247201,-2.906152,169,5923.962
ES:Euskotren:RoutePoints:5974:,43.247192,-2.90554,170,5973.667
ES:Euskotren:RoutePoints:5974:,43.247232,-2.9049,171,6025.792
ES:Euskotren:RoutePoints:5975:,43.257767,-2.944349,1,0.0
ES:Euskotren:RoutePoints:5975:,43.257834,-2.945615,2,103.0
ES:Euskotren:RoutePoints:5975:,43.257867,-2.946221,3,152.312
ES:Euskotren:RoutePoints:5975:,43.257904,-2.946835,4,202.312
ES:Euskotren:RoutePoints:5975:,43.257932,-2.947447,5,252.112
ES:Euskotren:RoutePoints:5975:,43.257959,-2.948062,6,302.112
ES:Euskotren:RoutePoints:5975:,43.257986,-2.948652,7,350.112
ES:Euskotren:RoutePoints:5975:,43.258004,-2.94907,8,384.112
ES:Euskotren:RoutePoints:5975:,43.258013,-2.949267,9,400.112
ES:Euskotren:RoutePoints:5975:,43.258038,-2.949857,10,448.108
ES:Euskotren:RoutePoints:5975:,43.258266,-2.950364,11,496.326
ES:Euskotren:RoutePoints:5975:,43.258548,-2.950795,12,543.326
ES:Euskotren:RoutePoints:5975:,43.258836,-2.951236,13,591.326
ES:Euskotren:RoutePoints:5975:,43.259169,-2.951475,14,633.083
ES:Euskotren:RoutePoints:5975:,43.259593,-2.951309,15,682.049
ES:Euskotren:RoutePoints:5975:,43.259792,-2.95123,16,705.049
ES:Euskotren:RoutePoints:5975:,43.260008,-2.951144,17,730.049
ES:Euskotren:RoutePoints:5975:,43.260017,-2.95114,18,731.049
ES:Euskotren:RoutePoints:5975:,43.260297,-2.951026,19,763.474
ES:Euskotren:RoutePoints:5975:,43.260426,-2.950973,20,778.474
ES:Euskotren:RoutePoints:5975:,43.260849,-2.950799,21,827.474
ES:Euskotren:RoutePoints:5975:,43.261228,-2.950642,22,871.474
ES:Euskotren:RoutePoints:5975:,43.261625,-2.950479,23,917.474
ES:Euskotren:RoutePoints:5975:,43.262047,-2.950305,24,966.474
ES:Euskotren:RoutePoints:5975:,43.262325,-2.94994,25,1009.262
ES:Euskotren:RoutePoints:5975:,43.262097,-2.949514,26,1052.115
ES:Euskotren:RoutePoints:5975:,43.261811,-2.949071,27,1100.115
ES:Euskotren:RoutePoints:5975:,43.261733,-2.948951,28,1113.115
ES:Euskotren:RoutePoints:5975:,43.261507,-2.9486,29,1151.115
ES:Euskotren:RoutePoints:5975:,43.261203,-2.948129,30,1202.115
ES:Euskotren:RoutePoints:5975:,43.260904,-2.947668,31,1252.155
ES:Euskotren:RoutePoints:5975:,43.261052,-2.947118,32,1299.682
ES:Euskotren:RoutePoints:5975:,43.261479,-2.946905,33,1350.211
ES:Euskotren:RoutePoints:5975:,43.261919,-2.946727,34,1401.211
ES:Euskotren:RoutePoints:5975:,43.262351,-2.946552,35,1451.167
ES:Euskotren:RoutePoints:5975:,43.26279,-2.94637,36,1502.167
ES:Euskotren:RoutePoints:5975:,43.263187,-2.946205,37,1548.167
ES:Euskotren:RoutePoints:5975:,43.26323,-2.946187,38,1553.167
ES:Euskotren:RoutePoints:5975:,43.263661,-2.946009,39,1603.167
ES:Euskotren:RoutePoints:5975:,43.264091,-2.94583,40,1653.167
ES:Euskotren:RoutePoints:5975:,43.264496,-2.945662,41,1700.167
ES:Euskotren:RoutePoints:5975:,43.264926,-2.94552,42,1749.215
ES:Euskotren:RoutePoints:5975:,43.265363,-2.945527,43,1797.817
ES:Euskotren:RoutePoints:5975:,43.265727,-2.945163,44,1847.875
ES:Euskotren:RoutePoints:5975:,43.266038,-2.944746,45,1896.208
ES:Euskotren:RoutePoints:5975:,43.266189,-2.94417,46,1945.873
ES:Euskotren:RoutePoints:5975:,43.26625,-2.943886,47,1969.873
ES:Euskotren:RoutePoints:5975:,43.266319,-2.943579,48,1995.926
ES:Euskotren:RoutePoints:5975:,43.26658,-2.943087,49,2045.307
ES:Euskotren:RoutePoints:5975:,43.266952,-2.942765,50,2094.159
ES:Euskotren:RoutePoints:5975:,43.267345,-2.942466,51,2144.159
ES:Euskotren:RoutePoints:5975:,43.267719,-2.942122,52,2194.183
ES:Euskotren:RoutePoints:5975:,43.268059,-2.941716,53,2244.344
ES:Euskotren:RoutePoints:5975:,43.268352,-2.941241,54,2294.784
ES:Euskotren:RoutePoints:5975:,43.268569,-2.940701,55,2344.784
ES:Euskotren:RoutePoints:5975:,43.268573,-2.94069,56,2345.784
ES:Euskotren:RoutePoints:5975:,43.268736,-2.940132,57,2394.511
ES:Euskotren:RoutePoints:5975:,43.268864,-2.939581,58,2441.493
ES:Euskotren:RoutePoints:5975:,43.268958,-2.938991,59,2490.427
ES:Euskotren:RoutePoints:5975:,43.268963,-2.93838,60,2540.036
ES:Euskotren:RoutePoints:5975:,43.268909,-2.937767,61,2590.147
ES:Euskotren:RoutePoints:5975:,43.268802,-2.937173,62,2639.786
ES:Euskotren:RoutePoints:5975:,43.268688,-2.936767,63,2675.093
ES:Euskotren:RoutePoints:5975:,43.268632,-2.936626,64,2688.093
ES:Euskotren:RoutePoints:5975:,43.268409,-2.936093,65,2737.998
ES:Euskotren:RoutePoints:5975:,43.268153,-2.935579,66,2788.438
ES:Euskotren:RoutePoints:5975:,43.267915,-2.935094,67,2835.839
ES:Euskotren:RoutePoints:5975:,43.267933,-2.934499,68,2884.208
ES:Euskotren:RoutePoints:5975:,43.268028,-2.933928,69,2931.686
ES:Euskotren:RoutePoints:5975:,43.268048,-2.933394,70,2975.099
ES:Euskotren:RoutePoints:5975:,43.268069,-2.932803,71,3023.098
ES:Euskotren:RoutePoints:5975:,43.26809,-2.932212,72,3071.098
ES:Euskotren:RoutePoints:5975:,43.268137,-2.931604,73,3120.684
ES:Euskotren:RoutePoints:5975:,43.268146,-2.931031,74,3167.265
ES:Euskotren:RoutePoints:5975:,43.267923,-2.930511,75,3216.137
ES:Euskotren:RoutePoints:5975:,43.267577,-2.930132,76,3265.414
ES:Euskotren:RoutePoints:5975:,43.267255,-2.929795,77,3310.414
ES:Euskotren:RoutePoints:5975:,43.266912,-2.929435,78,3358.414
ES:Euskotren:RoutePoints:5975:,43.266564,-2.929052,79,3408.03
ES:Euskotren:RoutePoints:5975:,43.26629,-2.92875,80,3447.03
ES:Euskotren:RoutePoints:5975:,43.266227,-2.92868,81,3456.03
ES:Euskotren:RoutePoints:5975:,43.265877,-2.928293,82,3506.031
ES:Euskotren:RoutePoints:5975:,43.265568,-2.927826,83,3557.213
ES:Euskotren:RoutePoints:5975:,43.265222,-2.927423,84,3607.64
ES:Euskotren:RoutePoints:5975:,43.264908,-2.926998,85,3656.641
ES:Euskotren:RoutePoints:5975:,43.264622,-2.92652,86,3706.858
ES:Euskotren:RoutePoints:5975:,43.264475,-2.92627,87,3732.858
ES:Euskotren:RoutePoints:5975:,43.26434,-2.926039,88,3756.858
ES:Euskotren:RoutePoints:5975:,43.263765,-2.925176,89,3851.616
ES:Euskotren:RoutePoints:5975:,43.26334,-2.925104,90,3899.203
ES:Euskotren:RoutePoints:5975:,43.262892,-2.925047,91,3949.123
ES:Euskotren:RoutePoints:5975:,43.26253,-2.925094,92,3989.553
ES:Euskotren:RoutePoints:5975:,43.262244,-2.92557,93,4039.553
ES:Euskotren:RoutePoints:5975:,43.261961,-2.926045,94,4089.343
ES:Euskotren:RoutePoints:5975:,43.26168,-2.926527,95,4139.343
ES:Euskotren:RoutePoints:5975:,43.261418,-2.926968,96,4185.489
ES:Euskotren:RoutePoints:5975:,43.26109,-2.926727,97,4226.812
ES:Euskotren:RoutePoints:5975:,43.261052,-2.926658,98,4233.812
ES:Euskotren:RoutePoints:5975:,43.260842,-2.926273,99,4272.812
ES:Euskotren:RoutePoints:5975:,43.260616,-2.925858,100,4314.812
ES:Euskotren:RoutePoints:5975:,43.260356,-2.925392,101,4362.39
ES:Euskotren:RoutePoints:5975:,43.260114,-2.924931,102,4408.458
ES:Euskotren:RoutePoints:5975:,43.259882,-2.924491,103,4452.485
ES:Euskotren:RoutePoints:5975:,43.259563,-2.924174,104,4496.294
ES:Euskotren:RoutePoints:5975:,43.259292,-2.924569,105,4540.356
ES:Euskotren:RoutePoints:5975:,43.259214,-2.925141,106,4587.552
ES:Euskotren:RoutePoints:5975:,43.259104,-2.925685,107,4633.402
ES:Euskotren:RoutePoints:5975:,43.259035,-2.925926,108,4654.402
ES:Euskotren:RoutePoints:5975:,43.259105,-2.92595,109,4662.367
ES:Euskotren:RoutePoints:5975:,43.258971,-2.926281,110,4693.076
ES:Euskotren:RoutePoints:5975:,43.258612,-2.926662,111,4743.539
ES:Euskotren:RoutePoints:5975:,43.258182,-2.926699,112,4791.425
ES:Euskotren:RoutePoints:5975:,43.257748,-2.926497,113,4842.327
ES:Euskotren:RoutePoints:5975:,43.257335,-2.926285,114,4891.354
ES:Euskotren:RoutePoints:5975:,43.256944,-2.925969,115,4941.725
ES:Euskotren:RoutePoints:5975:,43.256581,-2.925609,116,4991.492
ES:Euskotren:RoutePoints:5975:,43.25623,-2.925224,117,5041.492
ES:Euskotren:RoutePoints:5975:,43.255947,-2.92476,118,5090.517
ES:Euskotren:RoutePoints:5975:,43.255795,-2.924369,119,5126.517
ES:Euskotren:RoutePoints:5975:,43.255736,-2.924211,120,5140.876
ES:Euskotren:RoutePoints:5975:,43.255543,-2.923653,121,5191.022
ES:Euskotren:RoutePoints:5975:,43.255431,-2.923056,122,5241.021
ES:Euskotren:RoutePoints:5975:,43.255305,-2.922479,123,5289.933
ES:Euskotren:RoutePoints:5975:,43.254989,-2.922061,124,5338.717
ES:Euskotren:RoutePoints:5975:,43.254624,-2.9217,125,5388.717
ES:Euskotren:RoutePoints:5975:,43.254259,-2.921339,126,5438.765
ES:Euskotren:RoutePoints:5975:,43.254113,-2.921513,127,5460.3
ES:Euskotren:RoutePoints:5975:,43.253981,-2.921783,128,5486.647
ES:Euskotren:RoutePoints:5975:,43.253617,-2.921865,129,5527.585
ES:Euskotren:RoutePoints:5975:,43.253657,-2.921489,130,5558.403
ES:Euskotren:RoutePoints:5975:,43.253648,-2.921492,131,5559.393
ES:Euskotren:RoutePoints:5975:,43.253639,-2.921494,132,5560.386
ES:Euskotren:RoutePoints:5975:,43.253578,-2.92186,133,5590.825
ES:Euskotren:RoutePoints:5975:,43.253557,-2.921857,134,5593.063
ES:Euskotren:RoutePoints:5975:,43.253594,-2.921508,135,5621.647
ES:Euskotren:RoutePoints:5975:,43.253586,-2.921511,136,5622.581
ES:Euskotren:RoutePoints:5975:,43.253578,-2.921514,137,5623.514
ES:Euskotren:RoutePoints:5975:,43.253571,-2.921515,138,5624.226
ES:Euskotren:RoutePoints:5975:,43.253563,-2.921518,139,5625.187
ES:Euskotren:RoutePoints:5975:,43.253554,-2.921521,140,5626.149
ES:Euskotren:RoutePoints:5975:,43.253546,-2.921523,141,5627.11
ES:Euskotren:RoutePoints:5975:,43.253537,-2.921526,142,5628.09
ES:Euskotren:RoutePoints:5975:,43.253529,-2.921529,143,5629.09
ES:Euskotren:RoutePoints:5975:,43.25352,-2.921532,144,5630.09
ES:Euskotren:RoutePoints:5975:,43.253511,-2.921534,145,5631.09
ES:Euskotren:RoutePoints:5975:,43.253493,-2.92154,146,5633.141
ES:Euskotren:RoutePoints:5975:,43.253439,-2.921842,147,5658.379
ES:Euskotren:RoutePoints:5975:,43.253467,-2.921548,148,5682.443
ES:Euskotren:RoutePoints:5975:,43.253458,-2.921551,149,5683.433
ES:Euskotren:RoutePoints:5975:,43.253394,-2.921836,150,5707.7
ES:Euskotren:RoutePoints:5975:,43.253387,-2.921835,151,5708.47
ES:Euskotren:RoutePoints:5975:,43.253422,-2.921562,152,5731.017
ES:Euskotren:RoutePoints:5975:,43.253414,-2.921565,153,5732.015
ES:Euskotren:RoutePoints:5975:,43.253397,-2.92157,154,5733.932
ES:Euskotren:RoutePoints:5975:,43.253388,-2.921573,155,5734.932
ES:Euskotren:RoutePoints:5975:,43.253379,-2.921575,156,5735.932
ES:Euskotren:RoutePoints:5975:,43.253371,-2.921578,157,5736.932
ES:Euskotren:RoutePoints:5975:,43.253312,-2.921829,158,5758.354
ES:Euskotren:RoutePoints:5975:,43.253353,-2.921584,159,5778.83
ES:Euskotren:RoutePoints:5975:,43.253284,-2.921833,160,5800.463
ES:Euskotren:RoutePoints:5975:,43.253275,-2.921833,161,5801.463
ES:Euskotren:RoutePoints:5975:,43.253251,-2.921836,162,5804.174
ES:Euskotren:RoutePoints:5975:,43.253292,-2.921603,163,5823.638
ES:Euskotren:RoutePoints:5975:,43.253273,-2.921608,164,5825.693
ES:Euskotren:RoutePoints:5975:,43.253265,-2.921611,165,5826.69
ES:Euskotren:RoutePoints:5975:,43.253256,-2.921614,166,5827.687
ES:Euskotren:RoutePoints:5975:,43.253242,-2.921618,167,5829.312
ES:Euskotren:RoutePoints:5975:,43.253224,-2.921624,168,5831.308
ES:Euskotren:RoutePoints:5975:,43.253172,-2.921776,169,5844.939
ES:Euskotren:RoutePoints:5975:,43.253158,-2.921761,170,5846.939
ES:Euskotren:RoutePoints:5975:,43.253129,-2.921731,171,5850.939
ES:Euskotren:RoutePoints:5975:,43.253094,-2.921694,172,5855.939
ES:Euskotren:RoutePoints:5975:,43.252718,-2.921772,173,5898.163
ES:Euskotren:RoutePoints:5975:,43.252275,-2.921915,174,5948.63
ES:Euskotren:RoutePoints:5975:,43.251844,-2.921993,175,5996.979
ES:Euskotren:RoutePoints:5975:,43.251456,-2.921716,176,6045.526
ES:Euskotren:RoutePoints:5975:,43.251073,-2.921395,177,6095.406
ES:Euskotren:RoutePoints:5975:,43.250678,-2.921092,178,6145.738
ES:Euskotren:RoutePoints:5975:,43.25025,-2.920912,179,6195.459
ES:Euskotren:RoutePoints:5975:,43.249809,-2.920801,180,6245.249
ES:Euskotren:RoutePoints:5975:,43.249367,-2.920693,181,6295.097
ES:Euskotren:RoutePoints:5975:,43.248919,-2.920591,182,6345.56
ES:Euskotren:RoutePoints:5975:,43.248476,-2.920486,183,6395.436
ES:Euskotren:RoutePoints:5975:,43.248036,-2.920372,184,6445.164
ES:Euskotren:RoutePoints:5975:,43.24761,-2.920178,185,6495.096
ES:Euskotren:RoutePoints:5975:,43.247221,-2.919944,186,6542.24
ES:Euskotren:RoutePoints:5975:,43.246797,-2.919763,187,6591.55
ES:Euskotren:RoutePoints:5975:,43.246365,-2.919615,188,6641.102
ES:Euskotren:RoutePoints:5975:,43.245955,-2.919367,189,6690.892
ES:Euskotren:RoutePoints:5975:,43.245548,-2.919093,190,6741.21
ES:Euskotren:RoutePoints:5975:,43.245222,-2.91869,191,6790.031
ES:Euskotren:RoutePoints:5975:,43.244961,-2.918196,192,6839.477
ES:Euskotren:RoutePoints:5975:,43.244775,-2.917648,193,6888.542
ES:Euskotren:RoutePoints:5975:,43.244873,-2.917078,194,6936.005
ES:Euskotren:RoutePoints:5975:,43.245121,-2.916567,195,6985.817
ES:Euskotren:RoutePoints:5975:,43.245389,-2.916063,196,7036.379
ES:Euskotren:RoutePoints:5975:,43.245543,-2.915807,197,7063.328
ES:Euskotren:RoutePoints:5975:,43.245463,-2.915759,198,7073.037
ES:Euskotren:RoutePoints:5975:,43.245596,-2.915542,199,7096.015
ES:Euskotren:RoutePoints:5975:,43.245874,-2.915083,200,7144.439
ES:Euskotren:RoutePoints:5975:,43.246086,-2.91454,201,7194.4
ES:Euskotren:RoutePoints:5975:,43.246149,-2.913916,202,7245.543
ES:Euskotren:RoutePoints:5975:,43.246194,-2.913306,203,7295.27
ES:Euskotren:RoutePoints:5975:,43.246238,-2.912708,204,7344.057
ES:Euskotren:RoutePoints:5975:,43.246285,-2.912095,205,7394.098
ES:Euskotren:RoutePoints:5975:,43.246331,-2.911479,206,7444.414
ES:Euskotren:RoutePoints:5975:,43.246379,-2.910849,207,7495.843
ES:Euskotren:RoutePoints:5975:,43.246442,-2.910223,208,7547.084
ES:Euskotren:RoutePoints:5975:,43.24655,-2.90963,209,7596.75
ES:Euskotren:RoutePoints:5975:,43.246751,-2.909087,210,7646.172
ES:Euskotren:RoutePoints:5975:,43.246951,-2.908545,211,7695.421
ES:Euskotren:RoutePoints:5975:,43.247119,-2.908004,212,7743.123
ES:Euskotren:RoutePoints:5975:,43.247168,-2.907398,213,7792.646
ES:Euskotren:RoutePoints:5975:,43.247186,-2.906772,214,7843.492
ES:Euskotren:RoutePoints:5975:,43.247201,-2.906152,215,7893.835
ES:Euskotren:RoutePoints:5975:,43.247192,-2.90554,216,7943.54
ES:Euskotren:RoutePoints:5975:,43.247232,-2.9049,217,7995.665
ES:Euskotren:RoutePoints:5977:,43.259792,-2.95123,1,0.0
ES:Euskotren:RoutePoints:5977:,43.260008,-2.951144,2,25.0
ES:Euskotren:RoutePoints:5977:,43.260017,-2.95114,3,26.0
ES:Euskotren:RoutePoints:5977:,43.260297,-2.951026,4,58.425
ES:Euskotren:RoutePoints:5977:,43.260426,-2.950973,5,73.425
ES:Euskotren:RoutePoints:5977:,43.260849,-2.950799,6,122.424
ES:Euskotren:RoutePoints:5977:,43.261228,-2.950642,7,166.425
ES:Euskotren:RoutePoints:5977:,43.261625,-2.950479,8,212.425
ES:Euskotren:RoutePoints:5977:,43.262047,-2.950305,9,261.424
ES:Euskotren:RoutePoints:5977:,43.262325,-2.94994,10,304.213
ES:Euskotren:RoutePoints:5977:,43.262097,-2.949514,11,347.065
ES:Euskotren:RoutePoints:5977:,43.261811,-2.949071,12,395.065
ES:Euskotren:RoutePoints:5977:,43.261733,-2.948951,13,408.065
ES:Euskotren:RoutePoints:5977:,43.261507,-2.9486,14,446.065
ES:Euskotren:RoutePoints:5977:,43.261203,-2.948129,15,497.065
ES:Euskotren:RoutePoints:5977:,43.260904,-2.947668,16,547.105
ES:Euskotren:RoutePoints:5977:,43.261052,-2.947118,17,594.632
ES:Euskotren:RoutePoints:5977:,43.261479,-2.946905,18,645.161
ES:Euskotren:RoutePoints:5977:,43.261919,-2.946727,19,696.161
ES:Euskotren:RoutePoints:5977:,43.262351,-2.946552,20,746.117
ES:Euskotren:RoutePoints:5977:,43.26279,-2.94637,21,797.117
ES:Euskotren:RoutePoints:5977:,43.263187,-2.946205,22,843.117
ES:Euskotren:RoutePoints:5977:,43.26323,-2.946187,23,848.117
ES:Euskotren:RoutePoints:5977:,43.263661,-2.946009,24,898.117
ES:Euskotren:RoutePoints:5977:,43.264091,-2.94583,25,948.117
ES:Euskotren:RoutePoints:5977:,43.264496,-2.945662,26,995.117
ES:Euskotren:RoutePoints:5977:,43.264926,-2.94552,27,1044.165
ES:Euskotren:RoutePoints:5977:,43.265363,-2.945527,28,1092.767
ES:Euskotren:RoutePoints:5977:,43.265727,-2.945163,29,1142.825
ES:Euskotren:RoutePoints:5977:,43.266038,-2.944746,30,1191.158
ES:Euskotren:RoutePoints:5977:,43.266189,-2.94417,31,1240.824
ES:Euskotren:RoutePoints:5977:,43.26625,-2.943886,32,1264.824
ES:Euskotren:RoutePoints:5977:,43.266319,-2.943579,33,1290.876
ES:Euskotren:RoutePoints:5977:,43.26658,-2.943087,34,1340.258
ES:Euskotren:RoutePoints:5977:,43.266952,-2.942765,35,1389.11
ES:Euskotren:RoutePoints:5977:,43.267345,-2.942466,36,1439.11
ES:Euskotren:RoutePoints:5977:,43.267719,-2.942122,37,1489.133
ES:Euskotren:RoutePoints:5977:,43.268059,-2.941716,38,1539.294
ES:Euskotren:RoutePoints:5977:,43.268352,-2.941241,39,1589.734
ES:Euskotren:RoutePoints:5977:,43.268569,-2.940701,40,1639.734
ES:Euskotren:RoutePoints:5977:,43.268573,-2.94069,41,1640.734
ES:Euskotren:RoutePoints:5977:,43.268736,-2.940132,42,1689.462
ES:Euskotren:RoutePoints:5977:,43.268864,-2.939581,43,1736.444
ES:Euskotren:RoutePoints:5977:,43.268958,-2.938991,44,1785.377
ES:Euskotren:RoutePoints:5977:,43.268963,-2.93838,45,1834.986
ES:Euskotren:RoutePoints:5977:,43.268909,-2.937767,46,1885.097
ES:Euskotren:RoutePoints:5977:,43.268802,-2.937173,47,1934.737
ES:Euskotren:RoutePoints:5977:,43.268688,-2.936767,48,1970.044
ES:Euskotren:RoutePoints:5977:,43.268632,-2.936626,49,1983.043
ES:Euskotren:RoutePoints:5977:,43.268409,-2.936093,50,2032.949
ES:Euskotren:RoutePoints:5977:,43.268153,-2.935579,51,2083.389
ES:Euskotren:RoutePoints:5977:,43.267915,-2.935094,52,2130.789
ES:Euskotren:RoutePoints:5977:,43.267933,-2.934499,53,2179.159
ES:Euskotren:RoutePoints:5977:,43.268028,-2.933928,54,2226.637
ES:Euskotren:RoutePoints:5977:,43.268048,-2.933394,55,2270.049
ES:Euskotren:RoutePoints:5977:,43.268069,-2.932803,56,2318.049
ES:Euskotren:RoutePoints:5977:,43.26809,-2.932212,57,2366.049
ES:Euskotren:RoutePoints:5977:,43.268137,-2.931604,58,2415.635
ES:Euskotren:RoutePoints:5977:,43.268146,-2.931031,59,2462.216
ES:Euskotren:RoutePoints:5977:,43.267923,-2.930511,60,2511.088
ES:Euskotren:RoutePoints:5977:,43.267577,-2.930132,61,2560.364
ES:Euskotren:RoutePoints:5977:,43.267255,-2.929795,62,2605.364
ES:Euskotren:RoutePoints:5977:,43.266912,-2.929435,63,2653.364
ES:Euskotren:RoutePoints:5977:,43.266564,-2.929052,64,2702.981
ES:Euskotren:RoutePoints:5977:,43.26629,-2.92875,65,2741.981
ES:Euskotren:RoutePoints:5977:,43.266227,-2.92868,66,2750.981
ES:Euskotren:RoutePoints:5977:,43.265877,-2.928293,67,2800.981
ES:Euskotren:RoutePoints:5977:,43.265568,-2.927826,68,2852.164
ES:Euskotren:RoutePoints:5977:,43.265222,-2.927423,69,2902.591
ES:Euskotren:RoutePoints:5977:,43.264908,-2.926998,70,2951.591
ES:Euskotren:RoutePoints:5977:,43.264622,-2.92652,71,3001.809
ES:Euskotren:RoutePoints:5977:,43.264475,-2.92627,72,3027.809
ES:Euskotren:RoutePoints:5977:,43.26434,-2.926039,73,3051.809
ES:Euskotren:RoutePoints:5977:,43.263765,-2.925176,74,3146.566
ES:Euskotren:RoutePoints:5977:,43.26334,-2.925104,75,3194.153
ES:Euskotren:RoutePoints:5977:,43.262892,-2.925047,76,3244.073
ES:Euskotren:RoutePoints:5977:,43.26253,-2.925094,77,3284.504
ES:Euskotren:RoutePoints:5977:,43.262244,-2.92557,78,3334.504
ES:Euskotren:RoutePoints:5977:,43.261961,-2.926045,79,3384.294
ES:Euskotren:RoutePoints:5977:,43.26168,-2.926527,80,3434.294
ES:Euskotren:RoutePoints:5977:,43.261418,-2.926968,81,3480.44
ES:Euskotren:RoutePoints:5977:,43.26109,-2.926727,82,3521.763
ES:Euskotren:RoutePoints:5977:,43.261052,-2.926658,83,3528.763
ES:Euskotren:RoutePoints:5977:,43.260842,-2.926273,84,3567.763
ES:Euskotren:RoutePoints:5977:,43.260616,-2.925858,85,3609.763
ES:Euskotren:RoutePoints:5977:,43.260356,-2.925392,86,3657.341
ES:Euskotren:RoutePoints:5977:,43.260114,-2.924931,87,3703.408
ES:Euskotren:RoutePoints:5977:,43.259882,-2.924491,88,3747.435
ES:Euskotren:RoutePoints:5977:,43.259563,-2.924174,89,3791.244
ES:Euskotren:RoutePoints:5977:,43.259292,-2.924569,90,3835.307
ES:Euskotren:RoutePoints:5977:,43.259214,-2.925141,91,3882.502
ES:Euskotren:RoutePoints:5977:,43.259104,-2.925685,92,3928.353
ES:Euskotren:RoutePoints:5977:,43.259035,-2.925926,93,3949.353
ES:Euskotren:RoutePoints:5977:,43.259105,-2.92595,94,3957.318
ES:Euskotren:RoutePoints:5977:,43.258971,-2.926281,95,3988.026
ES:Euskotren:RoutePoints:5977:,43.258612,-2.926662,96,4038.49
ES:Euskotren:RoutePoints:5977:,43.258182,-2.926699,97,4086.376
ES:Euskotren:RoutePoints:5977:,43.257748,-2.926497,98,4137.277
ES:Euskotren:RoutePoints:5977:,43.257335,-2.926285,99,4186.305
ES:Euskotren:RoutePoints:5977:,43.256944,-2.925969,100,4236.676
ES:Euskotren:RoutePoints:5977:,43.256581,-2.925609,101,4286.443
ES:Euskotren:RoutePoints:5977:,43.25623,-2.925224,102,4336.442
ES:Euskotren:RoutePoints:5977:,43.255947,-2.92476,103,4385.468
ES:Euskotren:RoutePoints:5977:,43.255795,-2.924369,104,4421.468
ES:Euskotren:RoutePoints:5977:,43.255736,-2.924211,105,4435.827
ES:Euskotren:RoutePoints:5977:,43.255543,-2.923653,106,4485.973
ES:Euskotren:RoutePoints:5977:,43.255431,-2.923056,107,4535.971
ES:Euskotren:RoutePoints:5977:,43.255305,-2.922479,108,4584.883
ES:Euskotren:RoutePoints:5977:,43.254989,-2.922061,109,4633.667
ES:Euskotren:RoutePoints:5977:,43.254624,-2.9217,110,4683.667
ES:Euskotren:RoutePoints:5977:,43.254259,-2.921339,111,4733.716
ES:Euskotren:RoutePoints:5977:,43.254113,-2.921513,112,4755.25
ES:Euskotren:RoutePoints:5977:,43.253981,-2.921783,113,4781.597
ES:Euskotren:RoutePoints:5977:,43.253617,-2.921865,114,4822.536
ES:Euskotren:RoutePoints:5977:,43.253657,-2.921489,115,4853.354
ES:Euskotren:RoutePoints:5977:,43.253648,-2.921492,116,4854.344
ES:Euskotren:RoutePoints:5977:,43.253639,-2.921494,117,4855.336
ES:Euskotren:RoutePoints:5977:,43.253578,-2.92186,118,4885.776
ES:Euskotren:RoutePoints:5977:,43.253557,-2.921857,119,4888.014
ES:Euskotren:RoutePoints:5977:,43.253594,-2.921508,120,4916.598
ES:Euskotren:RoutePoints:5977:,43.253586,-2.921511,121,4917.531
ES:Euskotren:RoutePoints:5977:,43.253578,-2.921514,122,4918.465
ES:Euskotren:RoutePoints:5977:,43.253571,-2.921515,123,4919.176
ES:Euskotren:RoutePoints:5977:,43.253563,-2.921518,124,4920.138
ES:Euskotren:RoutePoints:5977:,43.253554,-2.921521,125,4921.099
ES:Euskotren:RoutePoints:5977:,43.253546,-2.921523,126,4922.061
ES:Euskotren:RoutePoints:5977:,43.253537,-2.921526,127,4923.041
ES:Euskotren:RoutePoints:5977:,43.253529,-2.921529,128,4924.041
ES:Euskotren:RoutePoints:5977:,43.25352,-2.921532,129,4925.041
ES:Euskotren:RoutePoints:5977:,43.253511,-2.921534,130,4926.041
ES:Euskotren:RoutePoints:5977:,43.253493,-2.92154,131,4928.092
ES:Euskotren:RoutePoints:5977:,43.253439,-2.921842,132,4953.329
ES:Euskotren:RoutePoints:5977:,43.253467,-2.921548,133,4977.394
ES:Euskotren:RoutePoints:5977:,43.253458,-2.921551,134,4978.384
ES:Euskotren:RoutePoints:5977:,43.253394,-2.921836,135,5002.651
ES:Euskotren:RoutePoints:5977:,43.253387,-2.921835,136,5003.421
ES:Euskotren:RoutePoints:5977:,43.253422,-2.921562,137,5025.968
ES:Euskotren:RoutePoints:5977:,43.253414,-2.921565,138,5026.965
ES:Euskotren:RoutePoints:5977:,43.253397,-2.92157,139,5028.883
ES:Euskotren:RoutePoints:5977:,43.253388,-2.921573,140,5029.883
ES:Euskotren:RoutePoints:5977:,43.253379,-2.921575,141,5030.883
ES:Euskotren:RoutePoints:5977:,43.253371,-2.921578,142,5031.882
ES:Euskotren:RoutePoints:5977:,43.253312,-2.921829,143,5053.305
ES:Euskotren:RoutePoints:5977:,43.253353,-2.921584,144,5073.781
ES:Euskotren:RoutePoints:5977:,43.253284,-2.921833,145,5095.413
ES:Euskotren:RoutePoints:5977:,43.253275,-2.921833,146,5096.413
ES:Euskotren:RoutePoints:5977:,43.253251,-2.921836,147,5099.124
ES:Euskotren:RoutePoints:5977:,43.253292,-2.921603,148,5118.589
ES:Euskotren:RoutePoints:5977:,43.253273,-2.921608,149,5120.643
ES:Euskotren:RoutePoints:5977:,43.253265,-2.921611,150,5121.64
ES:Euskotren:RoutePoints:5977:,43.253256,-2.921614,151,5122.637
ES:Euskotren:RoutePoints:5977:,43.253242,-2.921618,152,5124.262
ES:Euskotren:RoutePoints:5977:,43.253224,-2.921624,153,5126.259
ES:Euskotren:RoutePoints:5977:,43.253172,-2.921776,154,5139.89
ES:Euskotren:RoutePoints:5977:,43.253158,-2.921761,155,5141.89
ES:Euskotren:RoutePoints:5977:,43.253129,-2.921731,156,5145.89
ES:Euskotren:RoutePoints:5977:,43.253094,-2.921694,157,5150.89
ES:Euskotren:RoutePoints:5977:,43.252718,-2.921772,158,5193.114
ES:Euskotren:RoutePoints:5977:,43.252275,-2.921915,159,5243.58
ES:Euskotren:RoutePoints:5977:,43.251844,-2.921993,160,5291.93
ES:Euskotren:RoutePoints:5977:,43.251456,-2.921716,161,5340.477
ES:Euskotren:RoutePoints:5977:,43.251073,-2.921395,162,5390.357
ES:Euskotren:RoutePoints:5977:,43.250678,-2.921092,163,5440.688
ES:Euskotren:RoutePoints:5977:,43.25025,-2.920912,164,5490.409
ES:Euskotren:RoutePoints:5977:,43.249809,-2.920801,165,5540.2
ES:Euskotren:RoutePoints:5977:,43.249367,-2.920693,166,5590.048
ES:Euskotren:RoutePoints:5977:,43.248919,-2.920591,167,5640.511
ES:Euskotren:RoutePoints:5977:,43.248476,-2.920486,168,5690.386
ES:Euskotren:RoutePoints:5977:,43.248036,-2.920372,169,5740.114
ES:Euskotren:RoutePoints:5977:,43.24761,-2.920178,170,5790.046
ES:Euskotren:RoutePoints:5977:,43.247221,-2.919944,171,5837.19
ES:Euskotren:RoutePoints:5977:,43.246797,-2.919763,172,5886.501
ES:Euskotren:RoutePoints:5977:,43.246365,-2.919615,173,5936.053
ES:Euskotren:RoutePoints:5977:,43.245955,-2.919367,174,5985.843
ES:Euskotren:RoutePoints:5977:,43.245548,-2.919093,175,6036.16
ES:Euskotren:RoutePoints:5977:,43.245222,-2.91869,176,6084.982
ES:Euskotren:RoutePoints:5977:,43.244961,-2.918196,177,6134.428
ES:Euskotren:RoutePoints:5977:,43.244775,-2.917648,178,6183.493
ES:Euskotren:RoutePoints:5977:,43.244873,-2.917078,179,6230.956
ES:Euskotren:RoutePoints:5977:,43.245121,-2.916567,180,6280.768
ES:Euskotren:RoutePoints:5977:,43.245389,-2.916063,181,6331.33
ES:Euskotren:RoutePoints:5977:,43.245543,-2.915807,182,6358.278
ES:Euskotren:RoutePoints:5977:,43.245463,-2.915759,183,6367.988
ES:Euskotren:RoutePoints:5977:,43.245596,-2.915542,184,6390.965
ES:Euskotren:RoutePoints:5977:,43.245874,-2.915083,185,6439.389
ES:Euskotren:RoutePoints:5977:,43.246086,-2.91454,186,6489.351
ES:Euskotren:RoutePoints:5977:,43.246149,-2.913916,187,6540.493
ES:Euskotren:RoutePoints:5977:,43.246194,-2.913306,188,6590.221
ES:Euskotren:RoutePoints:5977:,43.246238,-2.912708,189,6639.008
ES:Euskotren:RoutePoints:5977:,43.246285,-2.912095,190,6689.049
ES:Euskotren:RoutePoints:5977:,43.246331,-2.911479,191,6739.364
ES:Euskotren:RoutePoints:5977:,43.246379,-2.910849,192,6790.794
ES:Euskotren:RoutePoints:5977:,43.246442,-2.910223,193,6842.035
ES:Euskotren:RoutePoints:5977:,43.24655,-2.90963,194,6891.701
ES:Euskotren:RoutePoints:5977:,43.246751,-2.909087,195,6941.123
ES:Euskotren:RoutePoints:5977:,43.246951,-2.908545,196,6990.372
ES:Euskotren:RoutePoints:5977:,43.247119,-2.908004,197,7038.073
ES:Euskotren:RoutePoints:5977:,43.247168,-2.907398,198,7087.597
ES:Euskotren:RoutePoints:5977:,43.247186,-2.906772,199,7138.442
ES:Euskotren:RoutePoints:5977:,43.247201,-2.906152,200,7188.786
ES:Euskotren:RoutePoints:5977:,43.247192,-2.90554,201,7238.491
ES:Euskotren:RoutePoints:5977:,43.247232,-2.9049,202,7290.616
